{
  "uuid": "54c831a5-20fb-31d9-b72b-da4191e0fd9d",
  "starterPrompted": true,
  "starterLocked": false,
  "starterSelected": true,
  "starterUUID": "d052b071-71bc-42d7-b44b-18a5a82e61f6",
  "keyItems": [],
  "battleTheme": "cobblemon:battle.pvp.default",
  "extraData": {},
  "advancementData": {
    "totalCaptureCount": 13,
    "totalEggsHatched": 0,
    "totalEvolvedCount": 1,
    "totalBattleVictoryCount": 23,
    "totalPvPBattleVictoryCount": 0,
    "totalPvWBattleVictoryCount": 19,
    "totalPvNBattleVictoryCount": 4,
    "totalShinyCaptureCount": 0,
    "totalTradedCount": 0,
    "totalTypeCaptureCounts": {
      "fire": 1,
      "ghost": 2,
      "poison": 2,
      "water": 4,
      "fighting": 1,
      "bug": 1,
      "flying": 2,
      "normal": 2,
      "psychic": 2,
      "fairy": 1
    },
    "totalDefeatedCounts": {
      "cobblemon:kakuna": 1,
      "cobblemon:cacnea": 1,
      "cobblemon:tinkatink": 1,
      "cobblemon:sandshrew": 1,
      "cobblemon:trapinch": 1,
      "cobblemon:growlithe": 1
    },
    "aspectsCollected": {}
  }
}