{"stats":{"minecraft:killed":{"minecraft:cave_spider":1,"minecraft:spider":5,"minecraft:skeleton":10,"minecraft:zombie":19,"illagerinvasion:marauder":2,"cobblemon:pokemon":1},"minecraft:used":{"minecraft:iron_shovel":910,"minecraft:chest":16,"minecraft:shield":7,"minecraft:iron_sword":253,"minecraft:rotten_flesh":3,"minecraft:iron_chestplate":1,"minecraft:jungle_planks":23,"minecraft:carrot":30,"minecraft:milk_bucket":1,"minecraft:lantern":3,"minecraft:stone_brick_stairs":2,"minecraft:stone_bricks":6,"minecraft:hay_block":1,"minecraft:furnace":10,"minecraft:egg":1,"minecraft:oak_planks":913,"minecraft:chainmail_helmet":1,"tough_beginnings:flint_axe":6,"minecraft:sand":1,"cobblemon:yellow_apricorn_seed":1,"minecraft:black_bed":1,"minecraft:bread":162,"minecraft:gravel":5,"cobblemon:red_apricorn_seed":2,"minecraft:coarse_dirt":2,"minecraft:bone_meal":6,"minecraft:cobweb":1,"minecraft:cooked_chicken":2,"minecraft:oak_door":7,"minecraft:torch":16,"minecraft:dirt":276,"minecraft:cobblestone_wall":2,"minecraft:iron_axe":782,"minecraft:oak_stairs":228,"minecraft:iron_boots":1,"minecraft:barrel":1,"cobblemon:pc":8,"minecraft:golden_carrot":3,"minecraft:water_bucket":60,"minecraft:cobblestone_stairs":170,"tough_beginnings:flintknife":31,"minecraft:rabbit":1,"minecraft:crafting_table":34,"minecraft:oak_log":213,"minecraft:chicken":1,"minecraft:iron_pickaxe":744,"minecraft:stone_axe":8,"minecraft:pink_bed":20,"minecraft:cobblestone":91,"minecraft:bucket":61,"minecraft:glass_pane":28,"minecraft:yellow_bed":6},"minecraft:broken":{"minecraft:iron_shovel":3,"minecraft:iron_sword":1,"minecraft:iron_axe":3,"minecraft:iron_pickaxe":1},"minecraft:picked_up":{"cobblemon:remedy":3,"vinery:red_grape":2,"cobblemon:red_apricorn":43,"minecraft:oak_stairs":104,"minecraft:potion":5,"minecraft:stone_brick_stairs":2,"minecraft:amethyst_block":5,"minecraft:string":12,"minecraft:raw_copper":70,"minecraft:cobbled_deepslate":64,"cobblemon:oran_berry":3,"minecraft:calcite":7,"minecraft:azalea":3,"dynamictrees:oak_seed":190,"vinery:jungle_grape_seeds_white":2,"minecraft:furnace":8,"minecraft:iron_boots":1,"minecraft:stick":1111,"cobblemon:apricorn_log":5,"cobblemon:pc":7,"minecraft:torch":48,"cobblemon:loamy_mulch":2,"minecraft:porkchop":2,"minecraft:cactus":3,"minecraft:rotten_flesh":18,"minecraft:cobblestone":336,"cobblemon:ultra_ball":1,"minecraft:feather":4,"minecraft:jungle_log":18,"minecraft:black_bed":1,"minecraft:potato":1,"minecraft:flint":2,"minecraft:tuff":3,"minecraft:lapis_lazuli":33,"minecraft:dirt":704,"megamons:anistarite_geode_block":22,"minecraft:cut_sandstone_slab":3,"minecraft:name_tag":1,"minecraft:bone":23,"minecraft:bow":4,"cobblemon:black_apricorn":124,"minecraft:wheat_seeds":48,"minecraft:rabbit":3,"minecraft:bamboo":14,"minecraft:oak_planks":537,"cobblemon:coarse_mulch":1,"cobblemon:shiny_stone":1,"minecraft:sand":60,"cobblemon:aspear_berry":4,"minecraft:barrel":1,"megamons:anistarite_rough_geode_block":1,"minecraft:diamond":2,"cobblemon:poke_ball":42,"minecraft:bone_meal":12,"cobblemon:ice_stone":1,"minecraft:bread":12,"tough_beginnings:raw_flint":3,"minecraft:emerald":18,"cobblemon:medicinal_leek":1,"minecraft:fishing_rod":5,"minecraft:crafting_table":35,"minecraft:coarse_dirt":2,"minecraft:azure_bluet":1,"minecraft:chicken":3,"cobblemon:yellow_apricorn":4,"minecraft:gold_block":16,"minecraft:cornflower":3,"minecraft:iron_shovel":1,"cobblemon:link_cable":5,"tough_beginnings:plantfiber":18,"cobblemon:dusk_stone":1,"cobblemon:pep_up_flower":3,"minecraft:chest":5,"minecraft:egg":1,"minecraft:raw_iron":93,"minecraft:oak_door":9,"minecraft:cookie":10,"minecraft:carrot":2,"minecraft:stone_pressure_plate":4,"cobblemon:dawn_stone":2,"minecraft:arrow":10,"minecraft:hay_block":50,"crittersandcompanions:silk":9,"pvz_zengarden:zengarden_guide":1,"minecraft:gold_ingot":2,"minecraft:mutton":1,"minecraft:skeleton_skull":1,"cobblemon:blue_apricorn":24,"minecraft:white_wool":6,"minecraft:stripped_oak_log":1,"minecraft:leather":45,"minecraft:oak_log":405,"minecraft:yellow_bed":6,"minecraft:cobblestone_wall":16,"minecraft:cobblestone_stairs":114,"minecraft:paper":16,"minecraft:white_banner":1,"minecraft:apple":30,"minecraft:stone_bricks":6,"minecraft:rabbit_hide":5,"minecraft:iron_ingot":5,"minecraft:stone_pickaxe":4,"minecraft:cobweb":1,"minecraft:book":8,"cobblemon:red_apricorn_seed":2,"minecraft:pink_bed":20,"minecraft:smooth_basalt":4,"minecraft:chiseled_stone_bricks":6,"cobblemon:blue_apricorn_seed":1,"minecraft:gravel":5,"cobblemon:yellow_apricorn_seed":1,"minecraft:spider_eye":2,"dynamictrees:jungle_seed":3,"minecraft:iron_helmet":3,"minecraft:coal":26},"minecraft:mined":{"minecraft:large_amethyst_bud":2,"minecraft:cut_sandstone_slab":4,"minecraft:stone_pressure_plate":4,"minecraft:pink_bed":19,"minecraft:cobblestone_stairs":112,"cobblemon:pc":7,"cobblemon:apricorn_log":5,"megamons:crystal_shiny_stone_ore":1,"minecraft:grass_block":459,"minecraft:light_gray_bed":1,"megamons:crystal_dusk_stone_ore":1,"minecraft:chiseled_stone_bricks":6,"minecraft:spawner":1,"minecraft:iron_ore":70,"minecraft:barrel":1,"minecraft:deepslate_lapis_ore":4,"minecraft:azure_bluet":1,"minecraft:oak_stairs":92,"megamons:crystal_ice_stone_ore":1,"dynamictrees:jungle_undergrowth_leaves":2,"dynamictrees:jungle_leaves":2,"minecraft:cut_sandstone":4,"megamons:anistarite_geode_block":22,"cobblemon:apricorn_leaves":41,"minecraft:calcite":7,"minecraft:chest":5,"minecraft:dead_bush":2,"minecraft:cobblestone":38,"minecraft:oak_planks":479,"minecraft:wall_torch":8,"minecraft:amethyst_block":5,"minecraft:skeleton_skull":1,"minecraft:stone_brick_stairs":2,"minecraft:grass":82,"minecraft:oak_log":60,"minecraft:sand":60,"minecraft:dirt":406,"minecraft:smooth_basalt":4,"minecraft:deepslate":118,"minecraft:tuff":6,"minecraft:deepslate_diamond_ore":2,"minecraft:oak_door":5,"minecraft:glow_lichen":1,"minecraft:sandstone":12,"minecraft:large_fern":7,"minecraft:hay_block":41,"dynamictrees:oak_leaves":1,"minecraft:furnace":8,"dynamictrees:oak_undergrowth_leaves":24,"minecraft:gold_block":4,"minecraft:deepslate_iron_ore":7,"crittersandcompanions:silk_cocoon":1,"minecraft:stripped_oak_log":1,"minecraft:bamboo":1,"minecraft:stone":238,"megamons:anistarite_rough_geode_block":6,"unusualprehistory:deepslate_plant_fossil":1,"minecraft:crafting_table":34,"dynamictrees:acacia_leaves":1,"minecraft:tall_grass":19,"minecraft:copper_ore":18,"minecraft:coarse_dirt":1,"minecraft:yellow_bed":6,"megamons:crystal_dawn_stone_ore":2,"minecraft:coal_ore":9,"minecraft:gravel":9,"minecraft:cobweb":2,"minecraft:stone_bricks":6,"minecraft:fern":4},"minecraft:crafted":{"minecraft:smooth_stone":2,"minecraft:oak_planks":772,"tough_beginnings:flint_axe":1,"minecraft:stone":2,"minecraft:cobblestone_stairs":64,"minecraft:glass":18,"minecraft:iron_boots":1,"minecraft:chest":11,"minecraft:crafting_table":1,"minecraft:iron_helmet":1,"minecraft:copper_ingot":6,"cobblemon:poke_ball":16,"minecraft:iron_chestplate":1,"minecraft:shield":1,"minecraft:iron_ingot":65,"minecraft:iron_pickaxe":4,"minecraft:gold_ingot":3,"minecraft:oak_door":3,"minecraft:iron_nugget":27,"minecraft:furnace":3,"minecraft:bone_meal":9,"minecraft:glass_pane":32,"tough_beginnings:flintknife":1,"minecraft:lantern":3,"minecraft:iron_axe":4,"minecraft:stone_pickaxe":1,"minecraft:cobblestone_wall":6,"crittersandcompanions:grappling_hook":1,"minecraft:wheat":360,"tough_beginnings:fiber_rope":1,"minecraft:iron_sword":2,"cobblemon:pc":1,"minecraft:bucket":1,"minecraft:stone_axe":1,"minecraft:bread":136,"minecraft:air":0,"minecraft:jungle_planks":36,"minecraft:oak_stairs":160,"minecraft:iron_shovel":4,"minecraft:iron_leggings":1,"minecraft:torch":16,"cobblemon:ultra_ball":8},"minecraft:dropped":{"minecraft:porkchop":2,"cobblemon:blue_apricorn":8,"minecraft:cookie":10,"minecraft:leather":18,"minecraft:jungle_planks":3,"minecraft:cut_sandstone_slab":3,"cobblemon:link_cable":2,"minecraft:emerald":8,"minecraft:cobblestone_stairs":2,"minecraft:gold_block":4,"minecraft:dirt":380,"dynamictrees:jungle_seed":3,"tough_beginnings:flintknife":1,"cobblemon:poke_ball":16,"minecraft:cornflower":3,"minecraft:mutton":1,"cobblemon:pep_up_flower":3,"minecraft:bone_meal":6,"minecraft:sand":2,"cobblemon:blue_apricorn_seed":1,"minecraft:iron_pickaxe":2,"minecraft:fishing_rod":2,"minecraft:white_wool":2,"minecraft:bone":8,"minecraft:oak_door":2,"minecraft:stone_axe":1,"dynamictrees:oak_seed":136,"minecraft:iron_nugget":6,"minecraft:rotten_flesh":4,"minecraft:oak_planks":62,"cobblemon:black_apricorn":72,"minecraft:azure_bluet":1,"tough_beginnings:flint_axe":1,"cobblemon:aspear_berry":4,"cobblemon:coarse_mulch":1,"minecraft:jungle_log":9,"minecraft:azalea":3,"minecraft:arrow":4,"minecraft:bread":12,"minecraft:wheat_seeds":44,"minecraft:feather":1,"minecraft:cobblestone":29,"minecraft:book":5,"minecraft:apple":12,"minecraft:amethyst_block":3,"minecraft:chainmail_helmet":1,"cobblemon:oran_berry":3,"minecraft:stick":480,"cobblemon:medicinal_leek":1,"cobblemon:apricorn_log":5,"tough_beginnings:plantfiber":16,"minecraft:torch":24,"minecraft:rabbit":2,"minecraft:potion":2,"cobblemon:loamy_mulch":2,"minecraft:cactus":6,"minecraft:paper":4,"minecraft:string":4,"minecraft:smooth_basalt":4,"minecraft:cobblestone_wall":12,"minecraft:raw_copper":4,"minecraft:tuff":3,"minecraft:chicken":2,"minecraft:iron_boots":1,"crittersandcompanions:silk":5,"megamons:anistarite_rough_geode_block":1,"minecraft:hay_block":9,"minecraft:bow":1,"minecraft:stone_pickaxe":3,"minecraft:calcite":7},"minecraft:custom":{"minecraft:interact_with_crafting_table":93,"minecraft:open_barrel":32,"minecraft:leave_game":3,"minecraft:time_since_death":78386,"minecraft:sprint_one_cm":1390813,"minecraft:damage_blocked_by_shield":600,"minecraft:drop":163,"minecraft:play_time":536916,"minecraft:deaths":3,"minecraft:jump":9081,"minecraft:interact_with_brewingstand":1,"minecraft:walk_on_water_one_cm":107805,"minecraft:interact_with_furnace":102,"minecraft:sleep_in_bed":41,"minecraft:damage_dealt":10291,"minecraft:crouch_one_cm":136833,"minecraft:interact_with_smoker":2,"minecraft:mob_kills":38,"minecraft:climb_one_cm":10894,"minecraft:walk_one_cm":1539487,"minecraft:sneak_time":38269,"minecraft:walk_under_water_one_cm":34746,"minecraft:interact_with_blast_furnace":2,"minecraft:total_world_time":536916,"minecraft:time_since_rest":27868,"minecraft:damage_taken":7108,"minecraft:swim_one_cm":382057,"minecraft:fly_one_cm":2197760,"minecraft:open_chest":75,"minecraft:fall_one_cm":287955}},"DataVersion":3465}