{"stats":{"minecraft:picked_up":{"minecraft:pink_bed":2,"minecraft:stick":20,"minecraft:crafting_table":2,"minecraft:jungle_log":18,"minecraft:potato":1,"minecraft:gravel":5,"minecraft:flint":2,"minecraft:carrot":1,"minecraft:barrel":1,"minecraft:string":2,"cobblemon:black_apricorn":2,"minecraft:wheat_seeds":4,"dynamictrees:jungle_seed":2,"minecraft:hay_block":17,"pvz_zengarden:zengarden_guide":1,"minecraft:cobweb":1,"tough_beginnings:plantfiber":18,"tough_beginnings:raw_flint":2,"minecraft:bamboo":11,"cobblemon:blue_apricorn":1,"minecraft:skeleton_skull":1,"minecraft:cobblestone":11,"minecraft:furnace":1},"minecraft:used":{"tough_beginnings:flintknife":31,"minecraft:bread":7,"minecraft:iron_pickaxe":12,"minecraft:chainmail_helmet":1,"minecraft:gravel":5,"minecraft:barrel":1,"minecraft:stone_axe":2,"minecraft:pink_bed":1,"tough_beginnings:flint_axe":6,"minecraft:hay_block":1,"minecraft:crafting_table":2,"minecraft:furnace":1,"minecraft:cobweb":1},"minecraft:dropped":{"tough_beginnings:flint_axe":1,"dynamictrees:jungle_seed":2,"tough_beginnings:plantfiber":16,"minecraft:wheat_seeds":4,"tough_beginnings:flintknife":1},"minecraft:custom":{"minecraft:time_since_rest":3255,"minecraft:interact_with_furnace":20,"minecraft:sprint_one_cm":131661,"minecraft:walk_one_cm":69095,"minecraft:drop":5,"minecraft:swim_one_cm":1904,"minecraft:interact_with_crafting_table":6,"minecraft:fly_one_cm":212195,"minecraft:open_barrel":24,"minecraft:open_chest":10,"minecraft:crouch_one_cm":800,"minecraft:play_time":29466,"minecraft:sneak_time":235,"minecraft:walk_under_water_one_cm":88,"minecraft:jump":704,"minecraft:interact_with_brewingstand":1,"minecraft:walk_on_water_one_cm":540,"minecraft:time_since_death":29466,"minecraft:sleep_in_bed":2,"minecraft:interact_with_smoker":2,"minecraft:total_world_time":29466,"minecraft:climb_one_cm":4640,"minecraft:fall_one_cm":16139},"minecraft:crafted":{"tough_beginnings:flintknife":1,"tough_beginnings:fiber_rope":1,"minecraft:crafting_table":1,"tough_beginnings:flint_axe":1,"minecraft:iron_ingot":10,"minecraft:iron_pickaxe":1,"minecraft:iron_sword":1,"minecraft:gold_ingot":2,"minecraft:furnace":1,"minecraft:stone_axe":1,"minecraft:air":0,"minecraft:jungle_planks":16},"minecraft:mined":{"minecraft:skeleton_skull":1,"minecraft:hay_block":17,"minecraft:furnace":1,"dynamictrees:oak_undergrowth_leaves":7,"minecraft:pink_bed":2,"minecraft:barrel":1,"minecraft:crafting_table":2,"minecraft:grass":17,"minecraft:dead_bush":2,"minecraft:gravel":7,"minecraft:stone":11,"minecraft:fern":4}},"DataVersion":3465}