{"stats":{"minecraft:picked_up":{"minecraft:pink_bed":1,"minecraft:stick":4,"minecraft:potato":1,"minecraft:gravel":5,"minecraft:flint":2,"minecraft:carrot":1,"minecraft:barrel":1,"minecraft:string":2,"minecraft:wheat_seeds":4,"minecraft:hay_block":17,"pvz_zengarden:zengarden_guide":1,"minecraft:cobweb":1,"tough_beginnings:plantfiber":18,"tough_beginnings:raw_flint":2,"minecraft:bamboo":11},"minecraft:used":{"tough_beginnings:flintknife":31,"minecraft:bread":4,"minecraft:chainmail_helmet":1,"minecraft:gravel":5,"minecraft:barrel":1,"minecraft:hay_block":1,"minecraft:cobweb":1},"minecraft:custom":{"minecraft:time_since_rest":4082,"minecraft:sprint_one_cm":85954,"minecraft:walk_one_cm":48618,"minecraft:fly_one_cm":112057,"minecraft:open_barrel":24,"minecraft:open_chest":10,"minecraft:crouch_one_cm":800,"minecraft:play_time":17466,"minecraft:sneak_time":232,"minecraft:jump":384,"minecraft:interact_with_brewingstand":1,"minecraft:walk_on_water_one_cm":398,"minecraft:time_since_death":17466,"minecraft:sleep_in_bed":1,"minecraft:interact_with_smoker":2,"minecraft:total_world_time":17466,"minecraft:climb_one_cm":4640,"minecraft:fall_one_cm":8650},"minecraft:crafted":{"tough_beginnings:flintknife":1,"tough_beginnings:fiber_rope":1,"tough_beginnings:flint_axe":1},"minecraft:mined":{"minecraft:hay_block":17,"minecraft:pink_bed":1,"minecraft:barrel":1,"minecraft:grass":17,"minecraft:dead_bush":2,"minecraft:gravel":7,"minecraft:fern":4}},"DataVersion":3465}