{"stats":{"minecraft:killed":{"minecraft:cave_spider":1,"minecraft:spider":4,"illagerinvasion:marauder":2,"minecraft:skeleton":8,"cobblemon:pokemon":1,"minecraft:zombie":11},"minecraft:used":{"minecraft:iron_shovel":910,"minecraft:chest":16,"minecraft:shield":1,"minecraft:iron_sword":150,"minecraft:cooked_chicken":2,"minecraft:rotten_flesh":3,"minecraft:iron_chestplate":1,"minecraft:oak_door":7,"minecraft:torch":16,"minecraft:dirt":276,"minecraft:jungle_planks":23,"minecraft:cobblestone_wall":2,"minecraft:carrot":30,"minecraft:milk_bucket":1,"minecraft:lantern":3,"minecraft:iron_axe":768,"minecraft:oak_stairs":228,"minecraft:stone_brick_stairs":2,"minecraft:barrel":1,"minecraft:stone_bricks":6,"cobblemon:pc":8,"minecraft:golden_carrot":3,"minecraft:hay_block":1,"minecraft:furnace":10,"minecraft:egg":1,"minecraft:water_bucket":60,"minecraft:cobblestone_stairs":170,"minecraft:rabbit":1,"tough_beginnings:flintknife":31,"minecraft:oak_planks":913,"minecraft:chainmail_helmet":1,"tough_beginnings:flint_axe":6,"minecraft:sand":1,"cobblemon:yellow_apricorn_seed":1,"minecraft:crafting_table":33,"minecraft:black_bed":1,"minecraft:oak_log":213,"minecraft:chicken":1,"minecraft:bread":147,"minecraft:iron_pickaxe":620,"minecraft:gravel":5,"minecraft:stone_axe":8,"minecraft:pink_bed":20,"minecraft:cobblestone":77,"cobblemon:red_apricorn_seed":2,"minecraft:glass_pane":28,"minecraft:bucket":61,"minecraft:yellow_bed":6,"minecraft:coarse_dirt":2,"minecraft:bone_meal":6,"minecraft:cobweb":1},"minecraft:broken":{"minecraft:iron_shovel":3,"minecraft:iron_axe":3,"minecraft:iron_pickaxe":1},"minecraft:picked_up":{"minecraft:fishing_rod":5,"cobblemon:remedy":3,"minecraft:coarse_dirt":2,"minecraft:crafting_table":34,"vinery:red_grape":2,"minecraft:azure_bluet":1,"minecraft:chicken":3,"cobblemon:yellow_apricorn":4,"cobblemon:red_apricorn":43,"minecraft:oak_stairs":104,"minecraft:gold_block":16,"minecraft:potion":5,"minecraft:stone_brick_stairs":2,"minecraft:amethyst_block":5,"minecraft:cornflower":3,"minecraft:string":12,"minecraft:raw_copper":70,"minecraft:iron_shovel":1,"cobblemon:link_cable":5,"minecraft:cobbled_deepslate":35,"cobblemon:dusk_stone":1,"cobblemon:oran_berry":3,"minecraft:calcite":7,"tough_beginnings:plantfiber":18,"minecraft:azalea":3,"dynamictrees:oak_seed":190,"cobblemon:pep_up_flower":3,"minecraft:chest":5,"minecraft:furnace":8,"vinery:jungle_grape_seeds_white":2,"minecraft:egg":1,"minecraft:raw_iron":74,"minecraft:stick":1111,"cobblemon:apricorn_log":5,"cobblemon:pc":7,"minecraft:oak_door":9,"minecraft:torch":48,"cobblemon:loamy_mulch":2,"minecraft:porkchop":2,"minecraft:cookie":5,"minecraft:carrot":2,"minecraft:stone_pressure_plate":4,"cobblemon:dawn_stone":2,"minecraft:cactus":3,"minecraft:arrow":6,"minecraft:rotten_flesh":8,"crittersandcompanions:silk":9,"minecraft:hay_block":50,"pvz_zengarden:zengarden_guide":1,"minecraft:gold_ingot":2,"minecraft:mutton":1,"cobblemon:blue_apricorn":24,"minecraft:skeleton_skull":1,"minecraft:white_wool":6,"minecraft:cobblestone":336,"minecraft:stripped_oak_log":1,"minecraft:feather":4,"cobblemon:ultra_ball":1,"minecraft:jungle_log":18,"minecraft:black_bed":1,"minecraft:leather":45,"minecraft:potato":1,"minecraft:flint":2,"minecraft:tuff":3,"minecraft:oak_log":405,"minecraft:yellow_bed":6,"minecraft:cobblestone_wall":16,"minecraft:cobblestone_stairs":114,"megamons:anistarite_geode_block":12,"minecraft:cut_sandstone_slab":3,"minecraft:dirt":704,"minecraft:paper":16,"minecraft:white_banner":1,"minecraft:name_tag":1,"minecraft:bone":22,"minecraft:apple":30,"minecraft:stone_bricks":6,"minecraft:bow":4,"minecraft:wheat_seeds":48,"cobblemon:black_apricorn":124,"minecraft:rabbit_hide":5,"minecraft:iron_ingot":5,"minecraft:stone_pickaxe":4,"minecraft:cobweb":1,"minecraft:rabbit":3,"minecraft:bamboo":14,"minecraft:oak_planks":537,"cobblemon:coarse_mulch":1,"minecraft:book":8,"cobblemon:red_apricorn_seed":2,"minecraft:pink_bed":20,"minecraft:smooth_basalt":4,"minecraft:chiseled_stone_bricks":6,"cobblemon:shiny_stone":1,"cobblemon:blue_apricorn_seed":1,"minecraft:gravel":5,"minecraft:sand":60,"cobblemon:yellow_apricorn_seed":1,"minecraft:spider_eye":1,"cobblemon:aspear_berry":4,"minecraft:barrel":1,"megamons:anistarite_rough_geode_block":1,"cobblemon:poke_ball":42,"dynamictrees:jungle_seed":3,"minecraft:iron_helmet":2,"minecraft:bone_meal":12,"cobblemon:ice_stone":1,"minecraft:emerald":18,"tough_beginnings:raw_flint":3,"minecraft:bread":12,"cobblemon:medicinal_leek":1,"minecraft:coal":26},"minecraft:mined":{"minecraft:large_amethyst_bud":2,"minecraft:tuff":3,"minecraft:cut_sandstone_slab":4,"minecraft:stone_pressure_plate":4,"minecraft:pink_bed":19,"minecraft:oak_door":5,"minecraft:cobblestone_stairs":112,"cobblemon:pc":7,"cobblemon:apricorn_log":5,"megamons:crystal_shiny_stone_ore":1,"minecraft:glow_lichen":1,"minecraft:grass_block":459,"minecraft:light_gray_bed":1,"megamons:crystal_dusk_stone_ore":1,"minecraft:chiseled_stone_bricks":6,"minecraft:spawner":1,"minecraft:sandstone":12,"minecraft:large_fern":7,"minecraft:hay_block":41,"dynamictrees:oak_leaves":1,"minecraft:furnace":8,"dynamictrees:oak_undergrowth_leaves":24,"minecraft:iron_ore":58,"minecraft:barrel":1,"minecraft:gold_block":4,"minecraft:azure_bluet":1,"megamons:crystal_ice_stone_ore":1,"minecraft:oak_stairs":92,"crittersandcompanions:silk_cocoon":1,"minecraft:stripped_oak_log":1,"dynamictrees:jungle_undergrowth_leaves":2,"minecraft:bamboo":1,"minecraft:stone":238,"dynamictrees:jungle_leaves":2,"megamons:anistarite_rough_geode_block":4,"minecraft:cut_sandstone":4,"megamons:anistarite_geode_block":12,"cobblemon:apricorn_leaves":41,"minecraft:crafting_table":33,"dynamictrees:acacia_leaves":1,"minecraft:calcite":7,"minecraft:chest":5,"minecraft:dead_bush":2,"minecraft:copper_ore":18,"minecraft:tall_grass":19,"minecraft:cobblestone":38,"minecraft:oak_planks":479,"minecraft:amethyst_block":5,"minecraft:wall_torch":8,"minecraft:skeleton_skull":1,"minecraft:coarse_dirt":1,"minecraft:yellow_bed":6,"minecraft:stone_brick_stairs":2,"megamons:crystal_dawn_stone_ore":2,"minecraft:grass":82,"minecraft:coal_ore":9,"minecraft:oak_log":60,"minecraft:gravel":9,"minecraft:sand":60,"minecraft:dirt":406,"minecraft:smooth_basalt":4,"minecraft:stone_bricks":6,"minecraft:deepslate":35,"minecraft:fern":4},"minecraft:crafted":{"minecraft:oak_door":3,"minecraft:smooth_stone":2,"minecraft:oak_planks":772,"minecraft:iron_nugget":27,"tough_beginnings:flint_axe":1,"minecraft:furnace":3,"minecraft:cobblestone_stairs":64,"minecraft:stone":2,"minecraft:bone_meal":9,"tough_beginnings:flintknife":1,"minecraft:glass_pane":32,"minecraft:glass":18,"minecraft:lantern":3,"minecraft:iron_boots":1,"minecraft:iron_axe":4,"minecraft:stone_pickaxe":1,"minecraft:cobblestone_wall":6,"minecraft:chest":11,"crittersandcompanions:grappling_hook":1,"minecraft:wheat":360,"tough_beginnings:fiber_rope":1,"minecraft:crafting_table":1,"minecraft:iron_helmet":1,"minecraft:iron_sword":1,"cobblemon:pc":1,"minecraft:copper_ingot":6,"minecraft:bucket":1,"minecraft:stone_axe":1,"minecraft:bread":136,"minecraft:air":0,"minecraft:jungle_planks":36,"cobblemon:poke_ball":16,"minecraft:iron_chestplate":1,"minecraft:shield":1,"minecraft:iron_ingot":65,"minecraft:iron_pickaxe":3,"minecraft:oak_stairs":160,"minecraft:iron_shovel":4,"minecraft:iron_leggings":1,"minecraft:gold_ingot":3,"minecraft:torch":16,"cobblemon:ultra_ball":8},"minecraft:dropped":{"minecraft:bread":12,"minecraft:porkchop":2,"minecraft:wheat_seeds":44,"cobblemon:blue_apricorn":8,"minecraft:feather":1,"minecraft:cobblestone":29,"minecraft:book":5,"minecraft:amethyst_block":3,"minecraft:apple":12,"minecraft:leather":18,"minecraft:jungle_planks":3,"cobblemon:link_cable":2,"minecraft:cut_sandstone_slab":3,"cobblemon:oran_berry":3,"minecraft:cobblestone_stairs":2,"minecraft:stick":480,"minecraft:emerald":8,"minecraft:gold_block":4,"cobblemon:medicinal_leek":1,"minecraft:dirt":380,"dynamictrees:jungle_seed":3,"tough_beginnings:plantfiber":16,"cobblemon:apricorn_log":5,"tough_beginnings:flintknife":1,"minecraft:torch":24,"minecraft:cornflower":3,"cobblemon:poke_ball":16,"minecraft:mutton":1,"minecraft:rabbit":2,"cobblemon:pep_up_flower":3,"minecraft:potion":2,"cobblemon:loamy_mulch":2,"minecraft:bone_meal":6,"minecraft:sand":2,"minecraft:iron_pickaxe":1,"cobblemon:blue_apricorn_seed":1,"minecraft:cactus":6,"minecraft:paper":4,"minecraft:fishing_rod":2,"minecraft:white_wool":2,"minecraft:bone":8,"minecraft:oak_door":2,"minecraft:stone_axe":1,"minecraft:iron_nugget":6,"dynamictrees:oak_seed":136,"minecraft:cobblestone_wall":12,"minecraft:raw_copper":4,"minecraft:tuff":3,"minecraft:chicken":2,"minecraft:rotten_flesh":4,"minecraft:oak_planks":62,"cobblemon:black_apricorn":72,"minecraft:azure_bluet":1,"crittersandcompanions:silk":5,"tough_beginnings:flint_axe":1,"megamons:anistarite_rough_geode_block":1,"minecraft:hay_block":9,"cobblemon:aspear_berry":4,"cobblemon:coarse_mulch":1,"minecraft:jungle_log":9,"minecraft:azalea":3,"minecraft:bow":1,"minecraft:arrow":4,"minecraft:stone_pickaxe":3,"minecraft:calcite":7},"minecraft:custom":{"minecraft:mob_kills":27,"minecraft:interact_with_crafting_table":92,"minecraft:open_barrel":32,"minecraft:leave_game":3,"minecraft:time_since_death":66386,"minecraft:damage_blocked_by_shield":40,"minecraft:climb_one_cm":10894,"minecraft:sprint_one_cm":1387160,"minecraft:walk_one_cm":1494442,"minecraft:drop":157,"minecraft:play_time":524916,"minecraft:deaths":3,"minecraft:sneak_time":35491,"minecraft:walk_under_water_one_cm":30910,"minecraft:interact_with_brewingstand":1,"minecraft:jump":8834,"minecraft:interact_with_blast_furnace":2,"minecraft:walk_on_water_one_cm":94435,"minecraft:total_world_time":524916,"minecraft:interact_with_furnace":102,"minecraft:sleep_in_bed":41,"minecraft:time_since_rest":15868,"minecraft:damage_taken":6285,"minecraft:damage_dealt":5462,"minecraft:swim_one_cm":381972,"minecraft:fly_one_cm":2188625,"minecraft:open_chest":75,"minecraft:crouch_one_cm":131918,"minecraft:interact_with_smoker":2,"minecraft:fall_one_cm":284161}},"DataVersion":3465}