{"stats":{"minecraft:custom":{"minecraft:jump":220,"minecraft:time_since_rest":7461,"minecraft:crouch_one_cm":246,"minecraft:damage_taken":40,"minecraft:leave_game":2,"minecraft:play_time":7461,"minecraft:sprint_one_cm":32458,"minecraft:time_since_death":7461,"minecraft:walk_on_water_one_cm":975,"minecraft:walk_one_cm":41207,"minecraft:sneak_time":41,"minecraft:total_world_time":7461,"minecraft:walk_under_water_one_cm":710,"minecraft:swim_one_cm":6612,"minecraft:fall_one_cm":5066,"minecraft:fly_one_cm":42028},"minecraft:mined":{"minecraft:hay_block":21,"minecraft:grass_block":1},"minecraft:picked_up":{"minecraft:hay_block":21,"pvz_zengarden:zengarden_guide":1,"minecraft:dirt":1}},"DataVersion":3465}