{"stats":{"minecraft:picked_up":{"minecraft:crafting_table":13,"cobblemon:ultra_ball":1,"minecraft:jungle_log":18,"cobblemon:yellow_apricorn":4,"minecraft:potato":1,"minecraft:flint":2,"minecraft:cut_sandstone_slab":3,"minecraft:dirt":3,"minecraft:string":4,"minecraft:white_banner":1,"minecraft:raw_copper":2,"minecraft:name_tag":1,"minecraft:bone":3,"minecraft:wheat_seeds":4,"cobblemon:black_apricorn":6,"minecraft:rabbit_hide":4,"minecraft:iron_ingot":2,"minecraft:cobweb":1,"tough_beginnings:plantfiber":18,"minecraft:azalea":3,"minecraft:bamboo":14,"cobblemon:pc":2,"vinery:jungle_grape_seeds_white":2,"minecraft:furnace":5,"minecraft:raw_iron":33,"minecraft:pink_bed":9,"minecraft:stick":21,"minecraft:gravel":5,"minecraft:sand":11,"cobblemon:yellow_apricorn_seed":1,"minecraft:carrot":2,"minecraft:barrel":1,"minecraft:cactus":3,"minecraft:arrow":4,"minecraft:rotten_flesh":3,"crittersandcompanions:silk":4,"minecraft:hay_block":17,"dynamictrees:jungle_seed":3,"pvz_zengarden:zengarden_guide":1,"minecraft:emerald":1,"tough_beginnings:raw_flint":2,"minecraft:coal":11,"cobblemon:blue_apricorn":1,"minecraft:skeleton_skull":1,"minecraft:cobblestone":39},"minecraft:used":{"minecraft:iron_shovel":7,"tough_beginnings:flintknife":31,"minecraft:iron_sword":43,"minecraft:chainmail_helmet":1,"minecraft:rotten_flesh":3,"minecraft:iron_chestplate":1,"tough_beginnings:flint_axe":6,"minecraft:sand":1,"minecraft:crafting_table":13,"cobblemon:yellow_apricorn_seed":1,"minecraft:carrot":1,"minecraft:iron_axe":6,"minecraft:bread":35,"minecraft:iron_pickaxe":106,"minecraft:gravel":5,"minecraft:barrel":1,"cobblemon:pc":2,"minecraft:stone_axe":8,"minecraft:pink_bed":8,"minecraft:cobblestone":26,"minecraft:hay_block":1,"minecraft:furnace":5,"minecraft:bone_meal":6,"minecraft:cobweb":1},"minecraft:dropped":{"minecraft:stone_axe":1,"minecraft:wheat_seeds":4,"minecraft:iron_nugget":6,"minecraft:cut_sandstone_slab":3,"tough_beginnings:flint_axe":1,"minecraft:dirt":2,"dynamictrees:jungle_seed":3,"tough_beginnings:plantfiber":16,"tough_beginnings:flintknife":1,"minecraft:azalea":3,"minecraft:arrow":4,"minecraft:cactus":6},"minecraft:custom":{"minecraft:interact_with_furnace":70,"minecraft:mob_kills":12,"minecraft:interact_with_crafting_table":41,"minecraft:open_barrel":24,"minecraft:time_since_death":119466,"minecraft:sleep_in_bed":9,"minecraft:climb_one_cm":6637,"minecraft:time_since_rest":8877,"minecraft:sprint_one_cm":416951,"minecraft:damage_taken":806,"minecraft:walk_one_cm":250424,"minecraft:drop":19,"minecraft:damage_dealt":2420,"minecraft:swim_one_cm":25462,"minecraft:fly_one_cm":603864,"minecraft:open_chest":15,"minecraft:crouch_one_cm":5454,"minecraft:play_time":119466,"minecraft:sneak_time":1470,"minecraft:walk_under_water_one_cm":3205,"minecraft:jump":2326,"minecraft:interact_with_brewingstand":1,"minecraft:walk_on_water_one_cm":12650,"minecraft:total_world_time":119466,"minecraft:interact_with_smoker":2,"minecraft:fall_one_cm":54396},"minecraft:crafted":{"minecraft:smooth_stone":2,"tough_beginnings:fiber_rope":1,"minecraft:crafting_table":1,"tough_beginnings:flint_axe":1,"minecraft:iron_helmet":1,"minecraft:iron_sword":1,"cobblemon:pc":1,"minecraft:furnace":1,"minecraft:copper_ingot":2,"minecraft:stone":2,"minecraft:bucket":1,"minecraft:bone_meal":9,"minecraft:stone_axe":1,"minecraft:bread":58,"minecraft:air":0,"minecraft:jungle_planks":16,"tough_beginnings:flintknife":1,"minecraft:glass":6,"minecraft:iron_boots":1,"minecraft:iron_chestplate":1,"minecraft:shield":1,"minecraft:iron_axe":1,"minecraft:iron_ingot":37,"minecraft:iron_pickaxe":1,"minecraft:iron_shovel":1,"minecraft:iron_leggings":1,"minecraft:gold_ingot":3,"crittersandcompanions:grappling_hook":1,"cobblemon:ultra_ball":8,"minecraft:wheat":144},"minecraft:killed":{"minecraft:spider":2,"illagerinvasion:marauder":2,"minecraft:skeleton":5,"minecraft:zombie":3},"minecraft:mined":{"minecraft:cut_sandstone_slab":4,"minecraft:cut_sandstone":4,"minecraft:pink_bed":9,"cobblemon:pc":2,"minecraft:glow_lichen":1,"minecraft:crafting_table":13,"cobblemon:apricorn_leaves":1,"minecraft:grass_block":3,"minecraft:dead_bush":2,"minecraft:copper_ore":1,"minecraft:sandstone":12,"minecraft:spawner":1,"minecraft:skeleton_skull":1,"minecraft:hay_block":17,"minecraft:furnace":5,"dynamictrees:oak_undergrowth_leaves":23,"minecraft:iron_ore":29,"minecraft:barrel":1,"minecraft:grass":24,"minecraft:coal_ore":2,"minecraft:sand":10,"crittersandcompanions:silk_cocoon":1,"minecraft:gravel":7,"dynamictrees:jungle_undergrowth_leaves":2,"minecraft:bamboo":1,"minecraft:stone":41,"dynamictrees:jungle_leaves":2,"minecraft:fern":4}},"DataVersion":3465}