{"stats":{"minecraft:killed":{"minecraft:spider":2,"illagerinvasion:marauder":2,"minecraft:skeleton":6,"cobblemon:pokemon":1,"minecraft:zombie":3},"minecraft:used":{"minecraft:iron_shovel":624,"minecraft:chest":2,"minecraft:iron_sword":87,"minecraft:cooked_chicken":2,"minecraft:rotten_flesh":3,"minecraft:iron_chestplate":1,"minecraft:torch":4,"minecraft:dirt":30,"minecraft:jungle_planks":23,"minecraft:carrot":27,"minecraft:milk_bucket":1,"minecraft:iron_axe":71,"minecraft:stone_brick_stairs":2,"minecraft:barrel":1,"minecraft:stone_bricks":6,"cobblemon:pc":8,"minecraft:golden_carrot":3,"minecraft:hay_block":1,"minecraft:furnace":7,"minecraft:egg":1,"minecraft:water_bucket":4,"minecraft:cobblestone_stairs":9,"tough_beginnings:flintknife":31,"minecraft:oak_planks":333,"minecraft:chainmail_helmet":1,"tough_beginnings:flint_axe":6,"minecraft:sand":1,"minecraft:crafting_table":19,"cobblemon:yellow_apricorn_seed":1,"minecraft:black_bed":1,"minecraft:oak_log":67,"minecraft:bread":94,"minecraft:iron_pickaxe":245,"minecraft:gravel":5,"minecraft:stone_axe":8,"minecraft:pink_bed":20,"minecraft:cobblestone":33,"cobblemon:red_apricorn_seed":2,"minecraft:bucket":5,"minecraft:yellow_bed":2,"minecraft:coarse_dirt":2,"minecraft:bone_meal":6,"minecraft:cobweb":1},"minecraft:broken":{"minecraft:iron_shovel":2},"minecraft:picked_up":{"minecraft:crafting_table":19,"minecraft:coarse_dirt":2,"vinery:red_grape":2,"minecraft:azure_bluet":1,"cobblemon:yellow_apricorn":4,"cobblemon:red_apricorn":21,"minecraft:gold_block":4,"minecraft:stone_brick_stairs":2,"minecraft:string":4,"minecraft:raw_copper":70,"cobblemon:oran_berry":3,"tough_beginnings:plantfiber":18,"minecraft:azalea":3,"dynamictrees:oak_seed":31,"minecraft:egg":1,"minecraft:furnace":6,"vinery:jungle_grape_seeds_white":2,"cobblemon:apricorn_log":5,"minecraft:stick":165,"minecraft:raw_iron":58,"cobblemon:pc":7,"minecraft:carrot":2,"minecraft:stone_pressure_plate":4,"minecraft:arrow":4,"minecraft:cactus":3,"minecraft:rotten_flesh":3,"minecraft:hay_block":26,"crittersandcompanions:silk":9,"pvz_zengarden:zengarden_guide":1,"minecraft:mutton":1,"minecraft:white_wool":1,"minecraft:skeleton_skull":1,"cobblemon:blue_apricorn":4,"minecraft:cobblestone":118,"cobblemon:ultra_ball":1,"minecraft:jungle_log":18,"minecraft:black_bed":1,"minecraft:potato":1,"minecraft:flint":2,"minecraft:oak_log":151,"minecraft:yellow_bed":3,"minecraft:cobblestone_stairs":1,"minecraft:cut_sandstone_slab":3,"minecraft:dirt":390,"minecraft:white_banner":1,"minecraft:name_tag":1,"minecraft:bone":3,"minecraft:stone_bricks":6,"cobblemon:black_apricorn":16,"minecraft:wheat_seeds":36,"minecraft:rabbit_hide":5,"minecraft:iron_ingot":2,"minecraft:cobweb":1,"minecraft:bamboo":14,"minecraft:oak_planks":13,"cobblemon:coarse_mulch":1,"cobblemon:red_apricorn_seed":2,"minecraft:pink_bed":20,"minecraft:chiseled_stone_bricks":6,"cobblemon:blue_apricorn_seed":1,"minecraft:gravel":5,"minecraft:sand":11,"cobblemon:yellow_apricorn_seed":1,"minecraft:barrel":1,"cobblemon:poke_ball":2,"dynamictrees:jungle_seed":3,"minecraft:emerald":2,"tough_beginnings:raw_flint":2,"cobblemon:medicinal_leek":1,"minecraft:coal":11},"minecraft:mined":{"minecraft:cut_sandstone_slab":4,"minecraft:stone_pressure_plate":4,"minecraft:pink_bed":19,"minecraft:cobblestone_stairs":1,"cobblemon:pc":7,"cobblemon:apricorn_log":5,"minecraft:glow_lichen":1,"minecraft:grass_block":379,"minecraft:light_gray_bed":1,"minecraft:sandstone":12,"minecraft:chiseled_stone_bricks":6,"minecraft:spawner":1,"minecraft:large_fern":6,"minecraft:hay_block":26,"dynamictrees:oak_leaves":1,"minecraft:furnace":6,"dynamictrees:oak_undergrowth_leaves":24,"minecraft:iron_ore":43,"minecraft:barrel":1,"minecraft:azure_bluet":1,"minecraft:gold_block":4,"crittersandcompanions:silk_cocoon":1,"dynamictrees:jungle_undergrowth_leaves":2,"minecraft:bamboo":1,"minecraft:stone":120,"dynamictrees:jungle_leaves":2,"minecraft:cut_sandstone":4,"minecraft:crafting_table":19,"cobblemon:apricorn_leaves":41,"dynamictrees:acacia_leaves":1,"minecraft:dead_bush":2,"minecraft:tall_grass":19,"minecraft:copper_ore":18,"minecraft:oak_planks":13,"minecraft:skeleton_skull":1,"minecraft:coarse_dirt":1,"minecraft:yellow_bed":3,"minecraft:stone_brick_stairs":2,"minecraft:grass":52,"minecraft:oak_log":6,"minecraft:coal_ore":2,"minecraft:gravel":7,"minecraft:sand":10,"minecraft:dirt":247,"minecraft:stone_bricks":6,"minecraft:fern":4},"minecraft:crafted":{"minecraft:smooth_stone":2,"minecraft:oak_planks":336,"tough_beginnings:flint_axe":1,"minecraft:furnace":1,"minecraft:cobblestone_stairs":12,"minecraft:stone":2,"minecraft:bone_meal":9,"tough_beginnings:flintknife":1,"minecraft:glass":6,"minecraft:iron_boots":1,"minecraft:iron_axe":1,"minecraft:chest":2,"crittersandcompanions:grappling_hook":1,"minecraft:wheat":225,"tough_beginnings:fiber_rope":1,"minecraft:crafting_table":1,"minecraft:iron_helmet":1,"minecraft:iron_sword":1,"cobblemon:pc":1,"minecraft:copper_ingot":6,"minecraft:bucket":1,"minecraft:stone_axe":1,"minecraft:bread":91,"minecraft:air":0,"minecraft:jungle_planks":36,"cobblemon:poke_ball":16,"minecraft:iron_chestplate":1,"minecraft:shield":1,"minecraft:iron_ingot":40,"minecraft:iron_pickaxe":1,"minecraft:iron_leggings":1,"minecraft:iron_shovel":3,"minecraft:gold_ingot":3,"minecraft:torch":12,"cobblemon:ultra_ball":8},"minecraft:dropped":{"minecraft:wheat_seeds":36,"minecraft:jungle_planks":3,"minecraft:cut_sandstone_slab":3,"cobblemon:oran_berry":3,"minecraft:stick":38,"cobblemon:medicinal_leek":1,"minecraft:dirt":340,"dynamictrees:jungle_seed":3,"cobblemon:apricorn_log":5,"tough_beginnings:plantfiber":16,"tough_beginnings:flintknife":1,"minecraft:mutton":1,"minecraft:sand":2,"minecraft:cactus":6,"cobblemon:blue_apricorn_seed":1,"minecraft:stone_axe":1,"dynamictrees:oak_seed":22,"minecraft:iron_nugget":6,"minecraft:raw_copper":4,"minecraft:azure_bluet":1,"crittersandcompanions:silk":5,"tough_beginnings:flint_axe":1,"cobblemon:coarse_mulch":1,"minecraft:jungle_log":9,"minecraft:azalea":3,"minecraft:arrow":4},"minecraft:custom":{"minecraft:mob_kills":14,"minecraft:interact_with_crafting_table":56,"minecraft:open_barrel":32,"minecraft:leave_game":1,"minecraft:time_since_death":356309,"minecraft:climb_one_cm":10130,"minecraft:sprint_one_cm":1191360,"minecraft:walk_one_cm":784550,"minecraft:drop":65,"minecraft:play_time":356309,"minecraft:sneak_time":4872,"minecraft:walk_under_water_one_cm":17422,"minecraft:jump":7303,"minecraft:interact_with_brewingstand":1,"minecraft:interact_with_blast_furnace":2,"minecraft:walk_on_water_one_cm":69661,"minecraft:total_world_time":356309,"minecraft:interact_with_furnace":81,"minecraft:sleep_in_bed":28,"minecraft:time_since_rest":6680,"minecraft:damage_taken":2768,"minecraft:damage_dealt":2850,"minecraft:swim_one_cm":357501,"minecraft:fly_one_cm":1954148,"minecraft:open_chest":45,"minecraft:crouch_one_cm":19149,"minecraft:interact_with_smoker":2,"minecraft:fall_one_cm":194484}},"DataVersion":3465}