{"stats":{"minecraft:picked_up":{"minecraft:crafting_table":9,"cobblemon:ultra_ball":1,"minecraft:jungle_log":18,"cobblemon:yellow_apricorn":4,"minecraft:potato":1,"minecraft:flint":2,"minecraft:dirt":2,"minecraft:string":4,"minecraft:bone":3,"minecraft:wheat_seeds":4,"cobblemon:black_apricorn":6,"minecraft:iron_ingot":2,"minecraft:cobweb":1,"tough_beginnings:plantfiber":18,"minecraft:bamboo":11,"minecraft:furnace":3,"minecraft:raw_iron":28,"minecraft:pink_bed":6,"minecraft:stick":20,"minecraft:gravel":5,"cobblemon:yellow_apricorn_seed":1,"minecraft:carrot":2,"minecraft:barrel":1,"minecraft:cactus":3,"minecraft:arrow":4,"minecraft:rotten_flesh":3,"minecraft:hay_block":17,"dynamictrees:jungle_seed":2,"pvz_zengarden:zengarden_guide":1,"tough_beginnings:raw_flint":2,"minecraft:coal":9,"cobblemon:blue_apricorn":1,"minecraft:skeleton_skull":1,"minecraft:cobblestone":31},"minecraft:used":{"tough_beginnings:flintknife":31,"minecraft:iron_sword":35,"minecraft:chainmail_helmet":1,"minecraft:rotten_flesh":3,"minecraft:iron_chestplate":1,"tough_beginnings:flint_axe":6,"minecraft:crafting_table":9,"cobblemon:yellow_apricorn_seed":1,"minecraft:carrot":1,"minecraft:iron_axe":2,"minecraft:bread":24,"minecraft:iron_pickaxe":63,"minecraft:gravel":5,"minecraft:barrel":1,"minecraft:stone_axe":8,"minecraft:pink_bed":5,"minecraft:cobblestone":1,"minecraft:hay_block":1,"minecraft:furnace":3,"minecraft:bone_meal":6,"minecraft:cobweb":1},"minecraft:dropped":{"minecraft:stone_axe":1,"minecraft:wheat_seeds":4,"minecraft:iron_nugget":6,"tough_beginnings:flint_axe":1,"minecraft:dirt":1,"dynamictrees:jungle_seed":2,"tough_beginnings:plantfiber":16,"tough_beginnings:flintknife":1,"minecraft:arrow":4,"minecraft:cactus":6},"minecraft:custom":{"minecraft:interact_with_furnace":48,"minecraft:mob_kills":10,"minecraft:interact_with_crafting_table":33,"minecraft:open_barrel":24,"minecraft:time_since_death":77466,"minecraft:sleep_in_bed":6,"minecraft:climb_one_cm":5603,"minecraft:time_since_rest":6242,"minecraft:sprint_one_cm":283995,"minecraft:damage_taken":578,"minecraft:walk_one_cm":177043,"minecraft:drop":13,"minecraft:damage_dealt":1940,"minecraft:swim_one_cm":25462,"minecraft:fly_one_cm":500317,"minecraft:open_chest":13,"minecraft:crouch_one_cm":4146,"minecraft:play_time":77466,"minecraft:sneak_time":1093,"minecraft:walk_under_water_one_cm":3205,"minecraft:jump":1802,"minecraft:interact_with_brewingstand":1,"minecraft:walk_on_water_one_cm":11525,"minecraft:total_world_time":77466,"minecraft:interact_with_smoker":2,"minecraft:fall_one_cm":43224},"minecraft:crafted":{"tough_beginnings:fiber_rope":1,"minecraft:crafting_table":1,"tough_beginnings:flint_axe":1,"minecraft:iron_helmet":1,"minecraft:iron_sword":1,"minecraft:furnace":1,"minecraft:bone_meal":9,"minecraft:stone_axe":1,"minecraft:bread":58,"minecraft:air":0,"minecraft:jungle_planks":16,"tough_beginnings:flintknife":1,"minecraft:iron_boots":1,"minecraft:iron_chestplate":1,"minecraft:shield":1,"minecraft:iron_axe":1,"minecraft:iron_ingot":32,"minecraft:iron_pickaxe":1,"minecraft:iron_shovel":1,"minecraft:iron_leggings":1,"minecraft:gold_ingot":2,"cobblemon:ultra_ball":8,"minecraft:wheat":144},"minecraft:killed":{"minecraft:spider":2,"minecraft:skeleton":5,"minecraft:zombie":3},"minecraft:mined":{"minecraft:pink_bed":6,"minecraft:glow_lichen":1,"minecraft:crafting_table":9,"cobblemon:apricorn_leaves":1,"minecraft:grass_block":2,"minecraft:dead_bush":2,"minecraft:skeleton_skull":1,"minecraft:hay_block":17,"minecraft:furnace":3,"dynamictrees:oak_undergrowth_leaves":12,"minecraft:iron_ore":24,"minecraft:barrel":1,"minecraft:grass":22,"minecraft:gravel":7,"minecraft:stone":33,"minecraft:fern":4}},"DataVersion":3465}