{"stats":{"minecraft:picked_up":{"minecraft:crafting_table":4,"minecraft:jungle_log":18,"cobblemon:yellow_apricorn":4,"minecraft:potato":1,"minecraft:flint":2,"minecraft:dirt":1,"minecraft:string":2,"minecraft:bone":2,"minecraft:wheat_seeds":4,"cobblemon:black_apricorn":5,"minecraft:cobweb":1,"tough_beginnings:plantfiber":18,"minecraft:bamboo":11,"minecraft:furnace":1,"minecraft:pink_bed":3,"minecraft:stick":20,"minecraft:gravel":5,"cobblemon:yellow_apricorn_seed":1,"minecraft:carrot":2,"minecraft:barrel":1,"minecraft:arrow":1,"minecraft:rotten_flesh":3,"minecraft:hay_block":17,"dynamictrees:jungle_seed":2,"pvz_zengarden:zengarden_guide":1,"tough_beginnings:raw_flint":2,"cobblemon:blue_apricorn":1,"minecraft:skeleton_skull":1,"minecraft:cobblestone":11},"minecraft:used":{"tough_beginnings:flintknife":31,"minecraft:iron_sword":23,"minecraft:chainmail_helmet":1,"tough_beginnings:flint_axe":6,"minecraft:crafting_table":4,"cobblemon:yellow_apricorn_seed":1,"minecraft:bread":15,"minecraft:iron_pickaxe":12,"minecraft:gravel":5,"minecraft:barrel":1,"minecraft:stone_axe":5,"minecraft:pink_bed":2,"minecraft:hay_block":1,"minecraft:furnace":1,"minecraft:bone_meal":6,"minecraft:cobweb":1},"minecraft:dropped":{"minecraft:wheat_seeds":4,"tough_beginnings:flint_axe":1,"minecraft:dirt":1,"dynamictrees:jungle_seed":2,"tough_beginnings:plantfiber":16,"tough_beginnings:flintknife":1,"minecraft:arrow":1},"minecraft:custom":{"minecraft:interact_with_furnace":20,"minecraft:mob_kills":6,"minecraft:interact_with_crafting_table":9,"minecraft:open_barrel":24,"minecraft:time_since_death":41466,"minecraft:sleep_in_bed":3,"minecraft:climb_one_cm":5050,"minecraft:time_since_rest":2481,"minecraft:sprint_one_cm":201073,"minecraft:damage_taken":258,"minecraft:walk_one_cm":96394,"minecraft:drop":7,"minecraft:damage_dealt":1220,"minecraft:swim_one_cm":8164,"minecraft:fly_one_cm":365477,"minecraft:open_chest":10,"minecraft:crouch_one_cm":835,"minecraft:play_time":41466,"minecraft:sneak_time":247,"minecraft:walk_under_water_one_cm":487,"minecraft:jump":1238,"minecraft:interact_with_brewingstand":1,"minecraft:walk_on_water_one_cm":5531,"minecraft:total_world_time":41466,"minecraft:interact_with_smoker":2,"minecraft:fall_one_cm":29332},"minecraft:crafted":{"tough_beginnings:fiber_rope":1,"minecraft:crafting_table":1,"tough_beginnings:flint_axe":1,"minecraft:iron_sword":1,"minecraft:furnace":1,"minecraft:bone_meal":6,"minecraft:stone_axe":1,"minecraft:air":0,"minecraft:jungle_planks":16,"tough_beginnings:flintknife":1,"minecraft:iron_ingot":10,"minecraft:iron_pickaxe":1,"minecraft:gold_ingot":2},"minecraft:killed":{"minecraft:spider":1,"minecraft:skeleton":2,"minecraft:zombie":3},"minecraft:mined":{"minecraft:pink_bed":3,"minecraft:crafting_table":4,"cobblemon:apricorn_leaves":1,"minecraft:grass_block":1,"minecraft:dead_bush":2,"minecraft:skeleton_skull":1,"minecraft:hay_block":17,"minecraft:furnace":1,"dynamictrees:oak_undergrowth_leaves":12,"minecraft:barrel":1,"minecraft:grass":20,"minecraft:gravel":7,"minecraft:stone":11,"minecraft:fern":4}},"DataVersion":3465}