{"stats":{"minecraft:picked_up":{"pvz_zengarden:zengarden_guide":1,"minecraft:stick":2,"minecraft:carrot":1,"minecraft:potato":1},"minecraft:used":{"minecraft:bread":1},"minecraft:custom":{"minecraft:jump":134,"minecraft:open_chest":8,"minecraft:time_since_rest":5466,"minecraft:crouch_one_cm":139,"minecraft:sprint_one_cm":40550,"minecraft:play_time":5466,"minecraft:time_since_death":5466,"minecraft:walk_one_cm":27901,"minecraft:sneak_time":19,"minecraft:interact_with_smoker":2,"minecraft:total_world_time":5466,"minecraft:fall_one_cm":2566,"minecraft:fly_one_cm":39765},"minecraft:mined":{"minecraft:dead_bush":2}},"DataVersion":3465}