{"stats":{"minecraft:dropped":{"tough_beginnings:block_of_wood":1,"tough_beginnings:flint_axe":1,"minecraft:wheat_seeds":4,"tough_beginnings:flintknife":1,"dynamictrees:oak_seed":4},"minecraft:used":{"minecraft:wooden_axe":2,"tough_beginnings:flintknife":46,"tough_beginnings:pile_of_fiber":1,"minecraft:bread":4,"minecraft:cactus":1,"minecraft:white_concrete_powder":1,"minecraft:green_bed":1,"minecraft:gravel":14,"tough_beginnings:flint_axe":2,"minecraft:wooden_sword":13,"minecraft:crafting_table":2},"minecraft:custom":{"minecraft:time_since_rest":378,"minecraft:sprint_one_cm":78950,"minecraft:damage_taken":40,"minecraft:walk_one_cm":36945,"minecraft:drop":6,"minecraft:interact_with_crafting_table":8,"minecraft:swim_one_cm":12527,"minecraft:talked_to_villager":1,"minecraft:fly_one_cm":112290,"minecraft:open_chest":2,"minecraft:crouch_one_cm":60,"minecraft:play_time":21031,"minecraft:sneak_time":112,"minecraft:walk_under_water_one_cm":2272,"minecraft:jump":447,"minecraft:walk_on_water_one_cm":3794,"minecraft:time_since_death":21031,"minecraft:sleep_in_bed":2,"minecraft:total_world_time":21031,"minecraft:fall_one_cm":11830},"minecraft:crafted":{"tough_beginnings:flintknife":1,"minecraft:wooden_sword":1,"tough_beginnings:pile_of_fiber":1,"minecraft:oak_planks":28,"tough_beginnings:fiber_rope":1,"minecraft:crafting_table":1,"tough_beginnings:flint_axe":1,"minecraft:wooden_pickaxe":1,"minecraft:gravel":2,"minecraft:wooden_axe":1,"minecraft:bread":45,"minecraft:wheat":135},"minecraft:mined":{"minecraft:hay_block":15,"minecraft:crafting_table":2,"minecraft:grass":36,"minecraft:dead_bush":6,"minecraft:gravel":18,"minecraft:green_bed":2,"minecraft:white_concrete_powder":1},"minecraft:picked_up":{"minecraft:crafting_table":2,"minecraft:stick":14,"minecraft:sweet_berries":5,"minecraft:green_bed":2,"minecraft:gravel":12,"minecraft:flint":2,"minecraft:oak_log":7,"tough_beginnings:flint_shard":8,"minecraft:cactus":1,"minecraft:white_concrete_powder":1,"minecraft:wheat_seeds":4,"minecraft:hay_block":15,"pvz_zengarden:zengarden_guide":1,"tough_beginnings:plantfiber":11,"tough_beginnings:raw_flint":6,"dynamictrees:oak_seed":4}},"DataVersion":3465}