{"stats":{"minecraft:custom":{"minecraft:jump":41,"minecraft:time_since_rest":2346,"minecraft:crouch_one_cm":64,"minecraft:sprint_one_cm":8131,"minecraft:play_time":2346,"minecraft:time_since_death":2346,"minecraft:walk_one_cm":8475,"minecraft:sneak_time":7,"minecraft:total_world_time":2346,"minecraft:fall_one_cm":896,"minecraft:fly_one_cm":5142},"minecraft:crafted":{"minecraft:gravel":1},"minecraft:picked_up":{"pvz_zengarden:zengarden_guide":1,"minecraft:flint":2,"tough_beginnings:flint_shard":4,"tough_beginnings:raw_flint":4,"minecraft:dirt":1,"minecraft:gravel":22},"minecraft:mined":{"minecraft:grass_block":1,"minecraft:gravel":26}},"DataVersion":3465}