{"stats":{"minecraft:killed":{"minecraft:spider":2,"illagerinvasion:marauder":2,"minecraft:skeleton":7,"cobblemon:pokemon":1,"minecraft:zombie":3},"minecraft:used":{"minecraft:iron_shovel":704,"minecraft:shield":1,"minecraft:chest":4,"minecraft:iron_sword":91,"minecraft:cooked_chicken":2,"minecraft:rotten_flesh":3,"minecraft:iron_chestplate":1,"minecraft:oak_door":4,"minecraft:torch":8,"minecraft:dirt":82,"minecraft:jungle_planks":23,"minecraft:carrot":30,"minecraft:milk_bucket":1,"minecraft:iron_axe":532,"minecraft:stone_brick_stairs":2,"minecraft:barrel":1,"minecraft:stone_bricks":6,"cobblemon:pc":8,"minecraft:golden_carrot":3,"minecraft:hay_block":1,"minecraft:furnace":7,"minecraft:egg":1,"minecraft:water_bucket":5,"minecraft:cobblestone_stairs":41,"tough_beginnings:flintknife":31,"minecraft:oak_planks":835,"minecraft:chainmail_helmet":1,"tough_beginnings:flint_axe":6,"minecraft:sand":1,"minecraft:crafting_table":20,"cobblemon:yellow_apricorn_seed":1,"minecraft:black_bed":1,"minecraft:oak_log":87,"minecraft:bread":106,"minecraft:iron_pickaxe":307,"minecraft:gravel":5,"minecraft:stone_axe":8,"minecraft:pink_bed":20,"minecraft:cobblestone":65,"cobblemon:red_apricorn_seed":2,"minecraft:bucket":6,"minecraft:yellow_bed":5,"minecraft:coarse_dirt":2,"minecraft:bone_meal":6,"minecraft:cobweb":1},"minecraft:broken":{"minecraft:iron_shovel":2,"minecraft:iron_axe":2,"minecraft:iron_pickaxe":1},"minecraft:picked_up":{"minecraft:fishing_rod":3,"cobblemon:remedy":1,"minecraft:crafting_table":19,"minecraft:coarse_dirt":2,"vinery:red_grape":2,"minecraft:azure_bluet":1,"minecraft:chicken":3,"cobblemon:yellow_apricorn":4,"cobblemon:red_apricorn":27,"minecraft:gold_block":8,"minecraft:potion":1,"minecraft:stone_brick_stairs":2,"minecraft:cornflower":3,"minecraft:string":4,"minecraft:raw_copper":70,"cobblemon:link_cable":3,"cobblemon:oran_berry":3,"tough_beginnings:plantfiber":18,"minecraft:azalea":3,"dynamictrees:oak_seed":49,"cobblemon:pep_up_flower":3,"minecraft:chest":2,"minecraft:egg":1,"minecraft:furnace":7,"vinery:jungle_grape_seeds_white":2,"cobblemon:apricorn_log":5,"minecraft:stick":386,"minecraft:raw_iron":58,"cobblemon:pc":7,"minecraft:oak_door":2,"minecraft:torch":8,"cobblemon:loamy_mulch":1,"minecraft:porkchop":2,"minecraft:carrot":2,"minecraft:stone_pressure_plate":4,"minecraft:arrow":4,"minecraft:cactus":3,"minecraft:rotten_flesh":3,"minecraft:hay_block":26,"crittersandcompanions:silk":9,"pvz_zengarden:zengarden_guide":1,"minecraft:gold_ingot":1,"minecraft:mutton":1,"minecraft:white_wool":4,"minecraft:skeleton_skull":1,"cobblemon:blue_apricorn":8,"minecraft:cobblestone":152,"minecraft:stripped_oak_log":1,"minecraft:feather":1,"cobblemon:ultra_ball":1,"minecraft:jungle_log":18,"minecraft:black_bed":1,"minecraft:leather":9,"minecraft:potato":1,"minecraft:flint":2,"minecraft:oak_log":218,"minecraft:yellow_bed":5,"minecraft:cobblestone_stairs":31,"minecraft:paper":4,"minecraft:cut_sandstone_slab":3,"minecraft:dirt":457,"minecraft:white_banner":1,"minecraft:name_tag":1,"minecraft:bone":6,"minecraft:apple":18,"minecraft:stone_bricks":6,"minecraft:bow":1,"cobblemon:black_apricorn":64,"minecraft:wheat_seeds":42,"minecraft:stone_pickaxe":2,"minecraft:rabbit_hide":5,"minecraft:iron_ingot":2,"minecraft:cobweb":1,"minecraft:rabbit":3,"minecraft:bamboo":14,"minecraft:oak_planks":501,"cobblemon:coarse_mulch":1,"minecraft:book":3,"cobblemon:red_apricorn_seed":2,"minecraft:pink_bed":20,"minecraft:chiseled_stone_bricks":6,"cobblemon:blue_apricorn_seed":1,"minecraft:gravel":5,"minecraft:sand":11,"cobblemon:yellow_apricorn_seed":1,"minecraft:barrel":1,"cobblemon:poke_ball":26,"dynamictrees:jungle_seed":3,"minecraft:iron_helmet":1,"minecraft:bone_meal":3,"minecraft:emerald":10,"tough_beginnings:raw_flint":2,"cobblemon:medicinal_leek":1,"minecraft:coal":12},"minecraft:mined":{"minecraft:cut_sandstone_slab":4,"minecraft:stone_pressure_plate":4,"minecraft:pink_bed":19,"minecraft:oak_door":2,"minecraft:cobblestone_stairs":31,"cobblemon:pc":7,"cobblemon:apricorn_log":5,"minecraft:glow_lichen":1,"minecraft:grass_block":449,"minecraft:light_gray_bed":1,"minecraft:sandstone":12,"minecraft:chiseled_stone_bricks":6,"minecraft:spawner":1,"minecraft:large_fern":6,"minecraft:hay_block":26,"dynamictrees:oak_leaves":1,"minecraft:furnace":7,"dynamictrees:oak_undergrowth_leaves":24,"minecraft:iron_ore":43,"minecraft:barrel":1,"minecraft:azure_bluet":1,"minecraft:gold_block":4,"crittersandcompanions:silk_cocoon":1,"minecraft:stripped_oak_log":1,"dynamictrees:jungle_undergrowth_leaves":2,"minecraft:bamboo":1,"minecraft:stone":120,"dynamictrees:jungle_leaves":2,"minecraft:cut_sandstone":4,"minecraft:crafting_table":19,"cobblemon:apricorn_leaves":41,"dynamictrees:acacia_leaves":1,"minecraft:chest":2,"minecraft:dead_bush":2,"minecraft:tall_grass":19,"minecraft:copper_ore":18,"minecraft:cobblestone":30,"minecraft:oak_planks":443,"minecraft:wall_torch":8,"minecraft:skeleton_skull":1,"minecraft:coarse_dirt":1,"minecraft:yellow_bed":5,"minecraft:stone_brick_stairs":2,"minecraft:grass":71,"minecraft:oak_log":6,"minecraft:coal_ore":2,"minecraft:gravel":7,"minecraft:sand":10,"minecraft:dirt":247,"minecraft:stone_bricks":6,"minecraft:fern":4},"minecraft:crafted":{"minecraft:oak_door":3,"minecraft:smooth_stone":2,"minecraft:oak_planks":524,"tough_beginnings:flint_axe":1,"minecraft:furnace":1,"minecraft:cobblestone_stairs":12,"minecraft:stone":2,"minecraft:bone_meal":9,"tough_beginnings:flintknife":1,"minecraft:glass":6,"minecraft:iron_boots":1,"minecraft:iron_axe":3,"minecraft:stone_pickaxe":1,"minecraft:chest":2,"crittersandcompanions:grappling_hook":1,"minecraft:wheat":225,"tough_beginnings:fiber_rope":1,"minecraft:crafting_table":1,"minecraft:iron_helmet":1,"minecraft:iron_sword":1,"cobblemon:pc":1,"minecraft:copper_ingot":6,"minecraft:bucket":1,"minecraft:stone_axe":1,"minecraft:bread":91,"minecraft:air":0,"minecraft:jungle_planks":36,"cobblemon:poke_ball":16,"minecraft:iron_chestplate":1,"minecraft:shield":1,"minecraft:iron_ingot":51,"minecraft:iron_pickaxe":2,"minecraft:iron_leggings":1,"minecraft:iron_shovel":3,"minecraft:gold_ingot":3,"minecraft:torch":12,"cobblemon:ultra_ball":8},"minecraft:dropped":{"minecraft:wheat_seeds":41,"minecraft:book":2,"minecraft:apple":12,"minecraft:jungle_planks":3,"cobblemon:link_cable":2,"minecraft:cut_sandstone_slab":3,"minecraft:emerald":5,"cobblemon:oran_berry":3,"minecraft:stick":126,"cobblemon:medicinal_leek":1,"minecraft:dirt":340,"dynamictrees:jungle_seed":3,"cobblemon:apricorn_log":5,"tough_beginnings:plantfiber":16,"tough_beginnings:flintknife":1,"cobblemon:poke_ball":16,"minecraft:mutton":1,"minecraft:rabbit":2,"cobblemon:loamy_mulch":1,"minecraft:sand":2,"minecraft:cactus":6,"cobblemon:blue_apricorn_seed":1,"minecraft:fishing_rod":2,"minecraft:white_wool":2,"minecraft:stone_axe":1,"dynamictrees:oak_seed":22,"minecraft:iron_nugget":6,"minecraft:raw_copper":4,"minecraft:chicken":2,"minecraft:oak_planks":62,"cobblemon:black_apricorn":36,"minecraft:azure_bluet":1,"crittersandcompanions:silk":5,"tough_beginnings:flint_axe":1,"cobblemon:coarse_mulch":1,"minecraft:jungle_log":9,"minecraft:azalea":3,"minecraft:arrow":4,"minecraft:stone_pickaxe":2},"minecraft:custom":{"minecraft:mob_kills":15,"minecraft:interact_with_crafting_table":61,"minecraft:open_barrel":32,"minecraft:leave_game":1,"minecraft:time_since_death":42836,"minecraft:climb_one_cm":10416,"minecraft:sprint_one_cm":1255226,"minecraft:walk_one_cm":1083142,"minecraft:damage_blocked_by_shield":40,"minecraft:drop":96,"minecraft:play_time":416309,"minecraft:deaths":1,"minecraft:sneak_time":12221,"minecraft:walk_under_water_one_cm":19525,"minecraft:jump":7967,"minecraft:interact_with_brewingstand":1,"minecraft:interact_with_blast_furnace":2,"minecraft:walk_on_water_one_cm":79110,"minecraft:total_world_time":416309,"minecraft:interact_with_furnace":82,"minecraft:sleep_in_bed":32,"minecraft:time_since_rest":9562,"minecraft:damage_taken":3791,"minecraft:damage_dealt":3101,"minecraft:swim_one_cm":379114,"minecraft:fly_one_cm":2034144,"minecraft:open_chest":52,"minecraft:crouch_one_cm":48875,"minecraft:interact_with_smoker":2,"minecraft:fall_one_cm":224400}},"DataVersion":3465}