{"stats":{"minecraft:killed":{"minecraft:spider":2,"illagerinvasion:marauder":2,"minecraft:skeleton":6,"minecraft:zombie":3},"minecraft:used":{"minecraft:iron_shovel":7,"minecraft:iron_sword":59,"minecraft:cooked_chicken":2,"minecraft:rotten_flesh":3,"minecraft:iron_chestplate":1,"minecraft:dirt":2,"minecraft:jungle_planks":23,"minecraft:carrot":12,"minecraft:milk_bucket":1,"minecraft:iron_axe":7,"minecraft:stone_brick_stairs":2,"minecraft:barrel":1,"minecraft:stone_bricks":6,"cobblemon:pc":8,"minecraft:golden_carrot":3,"minecraft:hay_block":1,"minecraft:furnace":6,"minecraft:water_bucket":1,"tough_beginnings:flintknife":31,"minecraft:chainmail_helmet":1,"tough_beginnings:flint_axe":6,"minecraft:sand":1,"minecraft:crafting_table":14,"cobblemon:yellow_apricorn_seed":1,"minecraft:black_bed":1,"minecraft:bread":77,"minecraft:iron_pickaxe":169,"minecraft:gravel":5,"minecraft:stone_axe":8,"minecraft:pink_bed":20,"minecraft:cobblestone":27,"cobblemon:red_apricorn_seed":2,"minecraft:bucket":2,"minecraft:coarse_dirt":2,"minecraft:bone_meal":6,"minecraft:cobweb":1},"minecraft:picked_up":{"minecraft:crafting_table":14,"minecraft:coarse_dirt":2,"vinery:red_grape":2,"cobblemon:yellow_apricorn":4,"cobblemon:red_apricorn":21,"minecraft:gold_block":4,"minecraft:stone_brick_stairs":2,"minecraft:string":4,"minecraft:raw_copper":70,"cobblemon:oran_berry":3,"tough_beginnings:plantfiber":18,"minecraft:azalea":3,"minecraft:furnace":6,"vinery:jungle_grape_seeds_white":2,"minecraft:stick":21,"minecraft:raw_iron":58,"cobblemon:pc":7,"minecraft:carrot":2,"minecraft:stone_pressure_plate":4,"minecraft:arrow":4,"minecraft:cactus":3,"minecraft:rotten_flesh":3,"minecraft:hay_block":26,"crittersandcompanions:silk":9,"pvz_zengarden:zengarden_guide":1,"minecraft:skeleton_skull":1,"cobblemon:blue_apricorn":4,"minecraft:cobblestone":43,"cobblemon:ultra_ball":1,"minecraft:jungle_log":18,"minecraft:black_bed":1,"minecraft:potato":1,"minecraft:flint":2,"minecraft:cut_sandstone_slab":3,"minecraft:dirt":5,"minecraft:white_banner":1,"minecraft:name_tag":1,"minecraft:bone":3,"minecraft:stone_bricks":6,"cobblemon:black_apricorn":12,"minecraft:wheat_seeds":17,"minecraft:rabbit_hide":5,"minecraft:iron_ingot":2,"minecraft:cobweb":1,"minecraft:bamboo":14,"cobblemon:coarse_mulch":1,"cobblemon:red_apricorn_seed":2,"minecraft:pink_bed":20,"minecraft:chiseled_stone_bricks":6,"cobblemon:blue_apricorn_seed":1,"minecraft:gravel":5,"minecraft:sand":11,"cobblemon:yellow_apricorn_seed":1,"minecraft:barrel":1,"cobblemon:poke_ball":2,"dynamictrees:jungle_seed":3,"minecraft:emerald":2,"tough_beginnings:raw_flint":2,"cobblemon:medicinal_leek":1,"minecraft:coal":11},"minecraft:mined":{"minecraft:cut_sandstone_slab":4,"minecraft:stone_pressure_plate":4,"minecraft:pink_bed":19,"cobblemon:pc":7,"minecraft:glow_lichen":1,"minecraft:grass_block":8,"minecraft:light_gray_bed":1,"minecraft:sandstone":12,"minecraft:chiseled_stone_bricks":6,"minecraft:spawner":1,"minecraft:hay_block":26,"dynamictrees:oak_leaves":1,"minecraft:furnace":6,"dynamictrees:oak_undergrowth_leaves":24,"minecraft:iron_ore":43,"minecraft:barrel":1,"minecraft:gold_block":4,"crittersandcompanions:silk_cocoon":1,"dynamictrees:jungle_undergrowth_leaves":2,"minecraft:bamboo":1,"minecraft:stone":45,"dynamictrees:jungle_leaves":2,"minecraft:cut_sandstone":4,"minecraft:crafting_table":14,"cobblemon:apricorn_leaves":1,"minecraft:dead_bush":2,"minecraft:copper_ore":18,"minecraft:skeleton_skull":1,"minecraft:coarse_dirt":1,"minecraft:stone_brick_stairs":2,"minecraft:grass":27,"minecraft:coal_ore":2,"minecraft:gravel":7,"minecraft:sand":10,"minecraft:stone_bricks":6,"minecraft:fern":4},"minecraft:crafted":{"minecraft:smooth_stone":2,"tough_beginnings:flint_axe":1,"minecraft:furnace":1,"minecraft:stone":2,"minecraft:bone_meal":9,"tough_beginnings:flintknife":1,"minecraft:glass":6,"minecraft:iron_boots":1,"minecraft:iron_axe":1,"crittersandcompanions:grappling_hook":1,"minecraft:wheat":144,"tough_beginnings:fiber_rope":1,"minecraft:crafting_table":1,"minecraft:iron_helmet":1,"minecraft:iron_sword":1,"cobblemon:pc":1,"minecraft:copper_ingot":6,"minecraft:bucket":1,"minecraft:stone_axe":1,"minecraft:bread":58,"minecraft:air":0,"minecraft:jungle_planks":36,"cobblemon:poke_ball":16,"minecraft:iron_chestplate":1,"minecraft:shield":1,"minecraft:iron_ingot":40,"minecraft:iron_pickaxe":1,"minecraft:iron_leggings":1,"minecraft:iron_shovel":1,"minecraft:gold_ingot":3,"cobblemon:ultra_ball":8},"minecraft:dropped":{"minecraft:wheat_seeds":17,"minecraft:jungle_planks":3,"minecraft:cut_sandstone_slab":3,"cobblemon:oran_berry":3,"cobblemon:medicinal_leek":1,"minecraft:dirt":3,"dynamictrees:jungle_seed":3,"tough_beginnings:plantfiber":16,"tough_beginnings:flintknife":1,"minecraft:sand":2,"minecraft:cactus":6,"cobblemon:blue_apricorn_seed":1,"minecraft:stone_axe":1,"minecraft:iron_nugget":6,"minecraft:raw_copper":4,"crittersandcompanions:silk":5,"tough_beginnings:flint_axe":1,"cobblemon:coarse_mulch":1,"minecraft:azalea":3,"minecraft:arrow":4},"minecraft:custom":{"minecraft:mob_kills":13,"minecraft:interact_with_crafting_table":48,"minecraft:open_barrel":25,"minecraft:leave_game":1,"minecraft:time_since_death":278309,"minecraft:climb_one_cm":7500,"minecraft:sprint_one_cm":991708,"minecraft:walk_one_cm":471108,"minecraft:drop":34,"minecraft:play_time":278309,"minecraft:sneak_time":2437,"minecraft:walk_under_water_one_cm":15836,"minecraft:jump":6066,"minecraft:interact_with_brewingstand":1,"minecraft:interact_with_blast_furnace":2,"minecraft:walk_on_water_one_cm":62905,"minecraft:total_world_time":278309,"minecraft:interact_with_furnace":80,"minecraft:sleep_in_bed":22,"minecraft:time_since_rest":6667,"minecraft:damage_taken":2008,"minecraft:damage_dealt":2740,"minecraft:swim_one_cm":331263,"minecraft:fly_one_cm":1581658,"minecraft:open_chest":37,"minecraft:crouch_one_cm":8010,"minecraft:interact_with_smoker":2,"minecraft:fall_one_cm":155306}},"DataVersion":3465}