{"stats":{"minecraft:custom":{"minecraft:jump":63,"minecraft:time_since_rest":3031,"minecraft:sprint_one_cm":18826,"minecraft:play_time":3031,"minecraft:walk_on_water_one_cm":81,"minecraft:time_since_death":3031,"minecraft:walk_one_cm":2636,"minecraft:total_world_time":3031,"minecraft:walk_under_water_one_cm":183,"minecraft:swim_one_cm":1681,"minecraft:fall_one_cm":2717,"minecraft:fly_one_cm":21648},"minecraft:mined":{"minecraft:dead_bush":3},"minecraft:picked_up":{"pvz_zengarden:zengarden_guide":1,"minecraft:stick":3}},"DataVersion":3465}