{"stats":{"minecraft:dropped":{"minecraft:wheat_seeds":9},"minecraft:mined":{"minecraft:grass":1,"minecraft:hay_block":9,"dynamictrees:oak_leaves":2,"crittersandcompanions:silk_cocoon":1,"minecraft:wheat":4},"minecraft:picked_up":{"minecraft:wheat":2,"minecraft:wheat_seeds":9,"minecraft:hay_block":9,"minecraft:rabbit_hide":1,"crittersandcompanions:silk":5,"pvz_zengarden:zengarden_guide":1,"minecraft:spider_eye":1},"minecraft:custom":{"minecraft:time_since_rest":5352,"minecraft:play_time":5352,"minecraft:sprint_one_cm":46982,"minecraft:walk_one_cm":27994,"minecraft:walk_under_water_one_cm":196,"minecraft:drop":1,"minecraft:jump":159,"minecraft:time_since_death":5352,"minecraft:walk_on_water_one_cm":88,"minecraft:total_world_time":5352,"minecraft:swim_one_cm":894,"minecraft:fall_one_cm":3822,"minecraft:fly_one_cm":43002}},"DataVersion":3465}