{"stats":{"minecraft:custom":{"minecraft:time_since_rest":4984,"minecraft:crouch_one_cm":456,"minecraft:play_time":4984,"minecraft:sprint_one_cm":869,"minecraft:damage_taken":30,"minecraft:walk_one_cm":33947,"minecraft:sneak_time":88,"minecraft:jump":91,"minecraft:walk_on_water_one_cm":92,"minecraft:time_since_death":4984,"minecraft:total_world_time":4984,"minecraft:climb_one_cm":194,"minecraft:fly_one_cm":810,"minecraft:fall_one_cm":1961},"minecraft:used":{"minecraft:gravel":27},"minecraft:mined":{"minecraft:grass":2,"crittersandcompanions:silk_cocoon":1,"minecraft:gravel":37,"minecraft:bamboo":1,"minecraft:fern":1},"minecraft:picked_up":{"tough_beginnings:flint_shard":12,"crittersandcompanions:dragonfly_wing":1,"minecraft:gravel":28,"crittersandcompanions:silk":4,"pvz_zengarden:zengarden_guide":1,"minecraft:flint":2,"tough_beginnings:raw_flint":9,"minecraft:iron_nugget":1,"minecraft:bamboo":12},"minecraft:crafted":{"tough_beginnings:flintknife":1,"minecraft:stick":6,"minecraft:gravel":3}},"DataVersion":3465}