{"stats":{"minecraft:killed":{"minecraft:spider":2,"illagerinvasion:marauder":2,"minecraft:skeleton":7,"cobblemon:pokemon":1,"minecraft:zombie":4},"minecraft:used":{"minecraft:iron_shovel":841,"minecraft:chest":4,"minecraft:shield":1,"minecraft:iron_sword":110,"minecraft:cooked_chicken":2,"minecraft:rotten_flesh":3,"minecraft:iron_chestplate":1,"minecraft:oak_door":7,"minecraft:torch":16,"minecraft:dirt":243,"minecraft:jungle_planks":23,"minecraft:cobblestone_wall":2,"minecraft:carrot":30,"minecraft:milk_bucket":1,"minecraft:iron_axe":752,"minecraft:oak_stairs":223,"minecraft:stone_brick_stairs":2,"minecraft:barrel":1,"minecraft:stone_bricks":6,"cobblemon:pc":8,"minecraft:golden_carrot":3,"minecraft:hay_block":1,"minecraft:furnace":7,"minecraft:egg":1,"minecraft:water_bucket":53,"minecraft:cobblestone_stairs":154,"minecraft:rabbit":1,"tough_beginnings:flintknife":31,"minecraft:oak_planks":907,"minecraft:chainmail_helmet":1,"tough_beginnings:flint_axe":6,"minecraft:sand":1,"cobblemon:yellow_apricorn_seed":1,"minecraft:crafting_table":27,"minecraft:black_bed":1,"minecraft:oak_log":213,"minecraft:chicken":1,"minecraft:bread":132,"minecraft:iron_pickaxe":455,"minecraft:gravel":5,"minecraft:stone_axe":8,"minecraft:pink_bed":20,"minecraft:cobblestone":73,"cobblemon:red_apricorn_seed":2,"minecraft:bucket":54,"minecraft:yellow_bed":6,"minecraft:coarse_dirt":2,"minecraft:bone_meal":6,"minecraft:cobweb":1},"minecraft:broken":{"minecraft:iron_shovel":3,"minecraft:iron_axe":3,"minecraft:iron_pickaxe":1},"minecraft:picked_up":{"minecraft:fishing_rod":3,"cobblemon:remedy":2,"minecraft:crafting_table":26,"minecraft:coarse_dirt":2,"vinery:red_grape":2,"minecraft:azure_bluet":1,"minecraft:chicken":3,"cobblemon:yellow_apricorn":4,"cobblemon:red_apricorn":29,"minecraft:oak_stairs":83,"minecraft:gold_block":8,"minecraft:potion":1,"minecraft:stone_brick_stairs":2,"minecraft:cornflower":3,"minecraft:string":6,"minecraft:raw_copper":70,"cobblemon:link_cable":3,"cobblemon:oran_berry":3,"tough_beginnings:plantfiber":18,"minecraft:azalea":3,"dynamictrees:oak_seed":82,"cobblemon:pep_up_flower":3,"minecraft:chest":2,"minecraft:furnace":7,"vinery:jungle_grape_seeds_white":2,"minecraft:egg":1,"minecraft:stick":515,"minecraft:raw_iron":58,"cobblemon:apricorn_log":5,"cobblemon:pc":7,"minecraft:oak_door":5,"minecraft:torch":8,"cobblemon:loamy_mulch":2,"minecraft:porkchop":2,"minecraft:carrot":2,"minecraft:stone_pressure_plate":4,"minecraft:arrow":4,"minecraft:cactus":3,"minecraft:rotten_flesh":4,"minecraft:hay_block":41,"crittersandcompanions:silk":9,"pvz_zengarden:zengarden_guide":1,"minecraft:gold_ingot":1,"minecraft:mutton":1,"cobblemon:blue_apricorn":8,"minecraft:skeleton_skull":1,"minecraft:white_wool":4,"minecraft:cobblestone":223,"minecraft:stripped_oak_log":1,"minecraft:feather":1,"cobblemon:ultra_ball":1,"minecraft:jungle_log":18,"minecraft:black_bed":1,"minecraft:leather":9,"minecraft:potato":1,"minecraft:flint":2,"minecraft:oak_log":405,"minecraft:yellow_bed":6,"minecraft:cobblestone_stairs":98,"minecraft:cut_sandstone_slab":3,"minecraft:dirt":605,"minecraft:paper":4,"minecraft:white_banner":1,"minecraft:name_tag":1,"minecraft:bone":6,"minecraft:apple":18,"minecraft:stone_bricks":6,"minecraft:bow":1,"minecraft:wheat_seeds":44,"cobblemon:black_apricorn":64,"minecraft:rabbit_hide":5,"minecraft:iron_ingot":2,"minecraft:stone_pickaxe":2,"minecraft:cobweb":1,"minecraft:rabbit":3,"minecraft:bamboo":14,"minecraft:oak_planks":535,"cobblemon:coarse_mulch":1,"minecraft:book":3,"cobblemon:red_apricorn_seed":2,"minecraft:pink_bed":20,"minecraft:chiseled_stone_bricks":6,"cobblemon:blue_apricorn_seed":1,"minecraft:gravel":5,"minecraft:sand":11,"cobblemon:yellow_apricorn_seed":1,"cobblemon:aspear_berry":2,"minecraft:barrel":1,"cobblemon:poke_ball":26,"dynamictrees:jungle_seed":3,"minecraft:iron_helmet":1,"minecraft:bone_meal":3,"tough_beginnings:raw_flint":2,"minecraft:emerald":10,"cobblemon:medicinal_leek":1,"minecraft:coal":12},"minecraft:mined":{"minecraft:cut_sandstone_slab":4,"minecraft:stone_pressure_plate":4,"minecraft:pink_bed":19,"minecraft:oak_door":5,"minecraft:cobblestone_stairs":102,"cobblemon:pc":7,"cobblemon:apricorn_log":5,"minecraft:glow_lichen":1,"minecraft:grass_block":455,"minecraft:light_gray_bed":1,"minecraft:sandstone":12,"minecraft:chiseled_stone_bricks":6,"minecraft:spawner":1,"minecraft:large_fern":7,"minecraft:hay_block":41,"dynamictrees:oak_leaves":1,"minecraft:furnace":7,"dynamictrees:oak_undergrowth_leaves":24,"minecraft:iron_ore":43,"minecraft:barrel":1,"minecraft:gold_block":4,"minecraft:azure_bluet":1,"minecraft:oak_stairs":89,"crittersandcompanions:silk_cocoon":1,"minecraft:stripped_oak_log":1,"dynamictrees:jungle_undergrowth_leaves":2,"minecraft:bamboo":1,"minecraft:stone":183,"dynamictrees:jungle_leaves":2,"minecraft:cut_sandstone":4,"cobblemon:apricorn_leaves":41,"minecraft:crafting_table":26,"dynamictrees:acacia_leaves":1,"minecraft:chest":2,"minecraft:dead_bush":2,"minecraft:copper_ore":18,"minecraft:tall_grass":19,"minecraft:cobblestone":38,"minecraft:oak_planks":477,"minecraft:wall_torch":8,"minecraft:skeleton_skull":1,"minecraft:coarse_dirt":1,"minecraft:yellow_bed":6,"minecraft:stone_brick_stairs":2,"minecraft:grass":79,"minecraft:oak_log":60,"minecraft:coal_ore":2,"minecraft:gravel":7,"minecraft:sand":10,"minecraft:dirt":394,"minecraft:stone_bricks":6,"minecraft:fern":4},"minecraft:crafted":{"minecraft:oak_door":3,"minecraft:smooth_stone":2,"minecraft:oak_planks":732,"tough_beginnings:flint_axe":1,"minecraft:furnace":1,"minecraft:cobblestone_stairs":60,"minecraft:stone":2,"minecraft:bone_meal":9,"tough_beginnings:flintknife":1,"minecraft:glass":6,"minecraft:iron_boots":1,"minecraft:iron_axe":4,"minecraft:cobblestone_wall":6,"minecraft:stone_pickaxe":1,"minecraft:chest":2,"crittersandcompanions:grappling_hook":1,"minecraft:wheat":279,"tough_beginnings:fiber_rope":1,"minecraft:crafting_table":1,"minecraft:iron_helmet":1,"minecraft:iron_sword":1,"cobblemon:pc":1,"minecraft:copper_ingot":6,"minecraft:bucket":1,"minecraft:stone_axe":1,"minecraft:bread":109,"minecraft:air":0,"minecraft:jungle_planks":36,"cobblemon:poke_ball":16,"minecraft:iron_chestplate":1,"minecraft:shield":1,"minecraft:iron_ingot":51,"minecraft:iron_pickaxe":2,"minecraft:oak_stairs":160,"minecraft:iron_shovel":4,"minecraft:iron_leggings":1,"minecraft:gold_ingot":3,"minecraft:torch":16,"cobblemon:ultra_ball":8},"minecraft:dropped":{"minecraft:porkchop":2,"minecraft:wheat_seeds":41,"minecraft:book":2,"minecraft:apple":12,"minecraft:jungle_planks":3,"cobblemon:link_cable":2,"minecraft:cut_sandstone_slab":3,"cobblemon:oran_berry":3,"minecraft:emerald":5,"minecraft:stick":126,"cobblemon:medicinal_leek":1,"minecraft:dirt":340,"dynamictrees:jungle_seed":3,"cobblemon:apricorn_log":5,"tough_beginnings:plantfiber":16,"tough_beginnings:flintknife":1,"cobblemon:poke_ball":16,"minecraft:cornflower":3,"minecraft:mutton":1,"minecraft:rabbit":2,"cobblemon:pep_up_flower":3,"cobblemon:loamy_mulch":2,"minecraft:sand":2,"cobblemon:blue_apricorn_seed":1,"minecraft:cactus":6,"minecraft:fishing_rod":2,"minecraft:white_wool":2,"minecraft:stone_axe":1,"minecraft:iron_nugget":6,"dynamictrees:oak_seed":55,"minecraft:raw_copper":4,"minecraft:chicken":2,"minecraft:rotten_flesh":1,"minecraft:oak_planks":62,"cobblemon:black_apricorn":36,"minecraft:azure_bluet":1,"crittersandcompanions:silk":5,"tough_beginnings:flint_axe":1,"cobblemon:coarse_mulch":1,"minecraft:jungle_log":9,"minecraft:azalea":3,"minecraft:arrow":4,"minecraft:stone_pickaxe":2},"minecraft:custom":{"minecraft:mob_kills":16,"minecraft:interact_with_crafting_table":75,"minecraft:open_barrel":32,"minecraft:leave_game":2,"minecraft:time_since_death":35115,"minecraft:climb_one_cm":10894,"minecraft:sprint_one_cm":1327745,"minecraft:walk_one_cm":1346993,"minecraft:damage_blocked_by_shield":40,"minecraft:drop":103,"minecraft:play_time":493645,"minecraft:deaths":3,"minecraft:sneak_time":31420,"minecraft:walk_under_water_one_cm":23208,"minecraft:interact_with_brewingstand":1,"minecraft:jump":8526,"minecraft:interact_with_blast_furnace":2,"minecraft:walk_on_water_one_cm":86354,"minecraft:total_world_time":493645,"minecraft:interact_with_furnace":82,"minecraft:sleep_in_bed":39,"minecraft:time_since_rest":9309,"minecraft:damage_taken":5577,"minecraft:damage_dealt":3301,"minecraft:swim_one_cm":381300,"minecraft:fly_one_cm":2118710,"minecraft:open_chest":54,"minecraft:crouch_one_cm":121380,"minecraft:interact_with_smoker":2,"minecraft:fall_one_cm":266430}},"DataVersion":3465}