{"stats":{"minecraft:picked_up":{"minecraft:crafting_table":7,"cobblemon:ultra_ball":1,"minecraft:jungle_log":18,"cobblemon:yellow_apricorn":4,"minecraft:potato":1,"minecraft:flint":2,"minecraft:dirt":2,"minecraft:string":2,"minecraft:bone":3,"minecraft:wheat_seeds":4,"cobblemon:black_apricorn":6,"minecraft:cobweb":1,"tough_beginnings:plantfiber":18,"minecraft:bamboo":11,"minecraft:furnace":1,"minecraft:raw_iron":24,"minecraft:pink_bed":5,"minecraft:stick":20,"minecraft:gravel":5,"cobblemon:yellow_apricorn_seed":1,"minecraft:carrot":2,"minecraft:barrel":1,"minecraft:cactus":3,"minecraft:arrow":4,"minecraft:rotten_flesh":3,"minecraft:hay_block":17,"dynamictrees:jungle_seed":2,"pvz_zengarden:zengarden_guide":1,"tough_beginnings:raw_flint":2,"cobblemon:blue_apricorn":1,"minecraft:skeleton_skull":1,"minecraft:cobblestone":28},"minecraft:used":{"tough_beginnings:flintknife":31,"minecraft:iron_sword":32,"minecraft:chainmail_helmet":1,"minecraft:rotten_flesh":3,"minecraft:iron_chestplate":1,"tough_beginnings:flint_axe":6,"minecraft:crafting_table":8,"cobblemon:yellow_apricorn_seed":1,"minecraft:carrot":1,"minecraft:bread":21,"minecraft:iron_pickaxe":56,"minecraft:gravel":5,"minecraft:barrel":1,"minecraft:stone_axe":8,"minecraft:pink_bed":4,"minecraft:hay_block":1,"minecraft:furnace":2,"minecraft:bone_meal":6,"minecraft:cobweb":1},"minecraft:dropped":{"minecraft:wheat_seeds":4,"minecraft:iron_nugget":6,"tough_beginnings:flint_axe":1,"minecraft:dirt":1,"dynamictrees:jungle_seed":2,"tough_beginnings:plantfiber":16,"tough_beginnings:flintknife":1,"minecraft:arrow":4,"minecraft:cactus":6},"minecraft:custom":{"minecraft:interact_with_furnace":28,"minecraft:mob_kills":9,"minecraft:interact_with_crafting_table":19,"minecraft:open_barrel":24,"minecraft:time_since_death":65466,"minecraft:sleep_in_bed":5,"minecraft:climb_one_cm":5603,"minecraft:time_since_rest":10649,"minecraft:sprint_one_cm":264951,"minecraft:damage_taken":483,"minecraft:walk_one_cm":148757,"minecraft:drop":12,"minecraft:damage_dealt":1780,"minecraft:swim_one_cm":19055,"minecraft:fly_one_cm":464900,"minecraft:open_chest":13,"minecraft:crouch_one_cm":3524,"minecraft:play_time":65466,"minecraft:sneak_time":949,"minecraft:walk_under_water_one_cm":1315,"minecraft:jump":1656,"minecraft:interact_with_brewingstand":1,"minecraft:walk_on_water_one_cm":8034,"minecraft:total_world_time":65466,"minecraft:interact_with_smoker":2,"minecraft:fall_one_cm":39600},"minecraft:crafted":{"tough_beginnings:fiber_rope":1,"minecraft:crafting_table":1,"tough_beginnings:flint_axe":1,"minecraft:iron_sword":1,"minecraft:furnace":1,"minecraft:bone_meal":9,"minecraft:stone_axe":1,"minecraft:bread":58,"minecraft:air":0,"minecraft:jungle_planks":16,"tough_beginnings:flintknife":1,"minecraft:iron_chestplate":1,"minecraft:iron_ingot":16,"minecraft:iron_pickaxe":1,"minecraft:gold_ingot":2,"cobblemon:ultra_ball":8,"minecraft:wheat":144},"minecraft:killed":{"minecraft:spider":1,"minecraft:skeleton":5,"minecraft:zombie":3},"minecraft:mined":{"minecraft:pink_bed":5,"minecraft:glow_lichen":1,"minecraft:crafting_table":7,"cobblemon:apricorn_leaves":1,"minecraft:grass_block":2,"minecraft:dead_bush":2,"minecraft:skeleton_skull":1,"minecraft:hay_block":17,"minecraft:furnace":1,"dynamictrees:oak_undergrowth_leaves":12,"minecraft:iron_ore":24,"minecraft:barrel":1,"minecraft:grass":21,"minecraft:gravel":7,"minecraft:stone":28,"minecraft:fern":4}},"DataVersion":3465}