{"stats":{"minecraft:picked_up":{"minecraft:crafting_table":10,"cobblemon:ultra_ball":1,"minecraft:jungle_log":18,"cobblemon:yellow_apricorn":4,"minecraft:potato":1,"minecraft:flint":2,"minecraft:dirt":2,"minecraft:string":4,"minecraft:name_tag":1,"minecraft:bone":3,"minecraft:wheat_seeds":4,"cobblemon:black_apricorn":6,"minecraft:rabbit_hide":4,"minecraft:iron_ingot":2,"minecraft:cobweb":1,"tough_beginnings:plantfiber":18,"minecraft:azalea":1,"minecraft:bamboo":14,"vinery:jungle_grape_seeds_white":2,"minecraft:furnace":3,"minecraft:raw_iron":28,"minecraft:pink_bed":7,"minecraft:stick":21,"minecraft:gravel":5,"cobblemon:yellow_apricorn_seed":1,"minecraft:carrot":2,"minecraft:barrel":1,"minecraft:cactus":3,"minecraft:arrow":4,"minecraft:rotten_flesh":3,"crittersandcompanions:silk":4,"minecraft:hay_block":17,"dynamictrees:jungle_seed":3,"pvz_zengarden:zengarden_guide":1,"tough_beginnings:raw_flint":2,"minecraft:coal":9,"cobblemon:blue_apricorn":1,"minecraft:skeleton_skull":1,"minecraft:cobblestone":31},"minecraft:used":{"tough_beginnings:flintknife":31,"minecraft:iron_sword":35,"minecraft:chainmail_helmet":1,"minecraft:rotten_flesh":3,"minecraft:iron_chestplate":1,"tough_beginnings:flint_axe":6,"minecraft:crafting_table":10,"cobblemon:yellow_apricorn_seed":1,"minecraft:carrot":1,"minecraft:iron_axe":3,"minecraft:bread":29,"minecraft:iron_pickaxe":63,"minecraft:gravel":5,"minecraft:barrel":1,"minecraft:stone_axe":8,"minecraft:pink_bed":6,"minecraft:cobblestone":4,"minecraft:hay_block":1,"minecraft:furnace":3,"minecraft:bone_meal":6,"minecraft:cobweb":1},"minecraft:dropped":{"minecraft:stone_axe":1,"minecraft:wheat_seeds":4,"minecraft:iron_nugget":6,"tough_beginnings:flint_axe":1,"minecraft:dirt":1,"dynamictrees:jungle_seed":2,"tough_beginnings:plantfiber":16,"tough_beginnings:flintknife":1,"minecraft:arrow":4,"minecraft:cactus":6},"minecraft:custom":{"minecraft:interact_with_furnace":48,"minecraft:mob_kills":10,"minecraft:interact_with_crafting_table":34,"minecraft:open_barrel":24,"minecraft:time_since_death":95466,"minecraft:sleep_in_bed":7,"minecraft:climb_one_cm":6637,"minecraft:time_since_rest":11279,"minecraft:sprint_one_cm":358840,"minecraft:damage_taken":608,"minecraft:walk_one_cm":209232,"minecraft:drop":13,"minecraft:damage_dealt":1940,"minecraft:swim_one_cm":25462,"minecraft:fly_one_cm":545934,"minecraft:open_chest":13,"minecraft:crouch_one_cm":4146,"minecraft:play_time":95466,"minecraft:sneak_time":1093,"minecraft:walk_under_water_one_cm":3205,"minecraft:jump":2047,"minecraft:interact_with_brewingstand":1,"minecraft:walk_on_water_one_cm":12153,"minecraft:total_world_time":95466,"minecraft:interact_with_smoker":2,"minecraft:fall_one_cm":47031},"minecraft:crafted":{"tough_beginnings:fiber_rope":1,"minecraft:crafting_table":1,"tough_beginnings:flint_axe":1,"minecraft:iron_helmet":1,"minecraft:iron_sword":1,"minecraft:furnace":1,"minecraft:bone_meal":9,"minecraft:stone_axe":1,"minecraft:bread":58,"minecraft:air":0,"minecraft:jungle_planks":16,"tough_beginnings:flintknife":1,"minecraft:iron_boots":1,"minecraft:iron_chestplate":1,"minecraft:shield":1,"minecraft:iron_axe":1,"minecraft:iron_ingot":32,"minecraft:iron_pickaxe":1,"minecraft:iron_shovel":1,"minecraft:iron_leggings":1,"minecraft:gold_ingot":2,"crittersandcompanions:grappling_hook":1,"cobblemon:ultra_ball":8,"minecraft:wheat":144},"minecraft:killed":{"minecraft:spider":2,"minecraft:skeleton":5,"minecraft:zombie":3},"minecraft:mined":{"minecraft:pink_bed":7,"minecraft:glow_lichen":1,"minecraft:crafting_table":10,"cobblemon:apricorn_leaves":1,"minecraft:grass_block":2,"minecraft:dead_bush":2,"minecraft:skeleton_skull":1,"minecraft:hay_block":17,"minecraft:furnace":3,"dynamictrees:oak_undergrowth_leaves":19,"minecraft:iron_ore":24,"minecraft:barrel":1,"minecraft:grass":24,"crittersandcompanions:silk_cocoon":1,"minecraft:gravel":7,"dynamictrees:jungle_undergrowth_leaves":2,"minecraft:bamboo":1,"minecraft:stone":33,"dynamictrees:jungle_leaves":2,"minecraft:fern":4}},"DataVersion":3465}